Time [s],Value,Parity Error,Framing Error
0.001094472000000,4,,
0.001104904000000,8,,
0.001115348000000,\n,,
0.002076668000000,4,,
0.002087100000000,7,,
0.002097548000000,\n,,
0.003079320000000,4,,
0.003089748000000,7,,
0.003100196000000,\n,,
0.004084436000000,4,,
0.004094868000000,8,,
0.004105316000000,\n,,
0.005081856000000,4,,
0.005092288000000,7,,
0.005102732000000,\n,,
0.006081948000000,4,,
0.006092380000000,7,,
0.006102820000000,\n,,
0.007079368000000,4,,
0.007089800000000,7,,
0.007100240000000,\n,,
0.008079520000000,4,,
0.008089960000000,7,,
0.008100388000000,\n,,
0.009081104000000,4,,
0.009091532000000,7,,
0.009101976000000,\n,,
0.010079644000000,4,,
0.010090076000000,7,,
0.010100516000000,\n,,
0.011081664000000,4,,
0.011092092000000,7,,
0.011102524000000,\n,,
0.012082444000000,4,,
0.012092872000000,8,,
0.012103312000000,\n,,
0.013082716000000,4,,
0.013093148000000,7,,
0.013103588000000,\n,,
0.014079300000000,4,,
0.014089732000000,7,,
0.014100176000000,\n,,
0.015078176000000,4,,
0.015088608000000,7,,
0.015099052000000,\n,,
0.016080348000000,4,,
0.016090772000000,7,,
0.016101208000000,\n,,
0.017081188000000,4,,
0.017091612000000,7,,
0.017102060000000,\n,,
0.018083128000000,4,,
0.018093556000000,7,,
0.018103996000000,\n,,
0.019082972000000,4,,
0.019093400000000,7,,
0.019103848000000,\n,,
0.020078056000000,4,,
0.020088504000000,7,,
0.020098936000000,\n,,
0.021076100000000,4,,
0.021086532000000,7,,
0.021096972000000,\n,,
0.022080368000000,4,,
0.022090800000000,8,,
0.022101244000000,\n,,
0.023075484000000,4,,
0.023085916000000,7,,
0.023096360000000,\n,,
0.024071692000000,4,,
0.024082120000000,7,,
0.024092560000000,\n,,
0.025073048000000,4,,
0.025083476000000,7,,
0.025093916000000,\n,,
0.026074480000000,4,,
0.026084904000000,7,,
0.026095344000000,\n,,
0.027072440000000,4,,
0.027082880000000,7,,
0.027093316000000,\n,,
0.028076520000000,4,,
0.028086952000000,7,,
0.028097388000000,\n,,
0.029077356000000,4,,
0.029087792000000,8,,
0.029098232000000,\n,,
0.030074840000000,4,,
0.030085272000000,7,,
0.030095720000000,\n,,
0.031072784000000,4,,
0.031083212000000,7,,
0.031093652000000,\n,,
0.032075008000000,4,,
0.032085440000000,7,,
0.032095880000000,\n,,
0.033073644000000,4,,
0.033084072000000,7,,
0.033094516000000,\n,,
0.034073416000000,4,,
0.034083848000000,7,,
0.034094292000000,\n,,
0.035077852000000,4,,
0.035088280000000,7,,
0.035098724000000,\n,,
0.036076756000000,4,,
0.036087188000000,7,,
0.036097628000000,\n,,
0.037076316000000,4,,
0.037086744000000,8,,
0.037097184000000,\n,,
0.038074136000000,4,,
0.038084564000000,7,,
0.038095004000000,\n,,
0.039073492000000,4,,
0.039083916000000,7,,
0.039094368000000,\n,,
0.040073192000000,4,,
0.040083620000000,7,,
0.040094056000000,\n,,
0.041083216000000,4,,
0.041093648000000,7,,
0.041104092000000,\n,,
0.042073256000000,4,,
0.042083688000000,7,,
0.042094128000000,\n,,
0.043077928000000,4,,
0.043088360000000,8,,
0.043098796000000,\n,,
0.044076380000000,4,,
0.044086808000000,7,,
0.044097252000000,\n,,
0.045073976000000,4,,
0.045084404000000,7,,
0.045094844000000,\n,,
0.046073060000000,4,,
0.046083496000000,7,,
0.046093936000000,\n,,
0.047073272000000,4,,
0.047083704000000,7,,
0.047094148000000,\n,,
0.048071280000000,4,,
0.048081712000000,7,,
0.048092148000000,\n,,
0.049072984000000,4,,
0.049083412000000,7,,
0.049093848000000,\n,,
0.050075924000000,4,,
0.050086356000000,7,,
0.050096796000000,\n,,
0.051076116000000,4,,
0.051086548000000,8,,
0.051096988000000,\n,,
0.052073204000000,4,,
0.052083640000000,7,,
0.052094080000000,\n,,
0.053073168000000,4,,
0.053083596000000,7,,
0.053094032000000,\n,,
0.054078820000000,4,,
0.054089248000000,7,,
0.054099692000000,\n,,
0.055076352000000,4,,
0.055086788000000,8,,
0.055097232000000,\n,,
0.056075380000000,4,,
0.056085816000000,7,,
0.056096260000000,\n,,
0.057075080000000,4,,
0.057085512000000,7,,
0.057095956000000,\n,,
0.058073296000000,4,,
0.058083724000000,7,,
0.058094172000000,\n,,
0.059073428000000,4,,
0.059083856000000,7,,
0.059094292000000,\n,,
0.060074588000000,4,,
0.060085016000000,7,,
0.060095464000000,\n,,
0.061082956000000,4,,
0.061093384000000,8,,
0.061103832000000,\n,,
0.062080936000000,4,,
0.062091368000000,7,,
0.062101808000000,\n,,
0.063077372000000,4,,
0.063087808000000,7,,
0.063098248000000,\n,,
0.064074488000000,4,,
0.064084920000000,7,,
0.064095364000000,\n,,
0.065073308000000,4,,
0.065083736000000,7,,
0.065094180000000,\n,,
0.066074488000000,4,,
0.066084924000000,7,,
0.066095372000000,\n,,
0.067073660000000,4,,
0.067084092000000,7,,
0.067094536000000,\n,,
0.068073656000000,4,,
0.068084080000000,7,,
0.068094516000000,\n,,
0.069083584000000,4,,
0.069094012000000,8,,
0.069104448000000,\n,,
0.070079944000000,4,,
0.070090372000000,7,,
0.070100812000000,\n,,
0.071075352000000,4,,
0.071085788000000,7,,
0.071096228000000,\n,,
0.072073304000000,4,,
0.072083732000000,7,,
0.072094168000000,\n,,
0.073080380000000,4,,
0.073090812000000,7,,
0.073101252000000,\n,,
0.074073464000000,4,,
0.074083896000000,7,,
0.074094336000000,\n,,
0.075073932000000,4,,
0.075084360000000,7,,
0.075094800000000,\n,,
0.076076752000000,4,,
0.076087180000000,7,,
0.076097616000000,\n,,
0.077076736000000,4,,
0.077087164000000,7,,
0.077097608000000,\n,,
0.078076416000000,4,,
0.078086848000000,8,,
0.078097288000000,\n,,
0.079072284000000,4,,
0.079082712000000,7,,
0.079093156000000,\n,,
0.080072852000000,4,,
0.080083280000000,7,,
0.080093724000000,\n,,
0.081073396000000,4,,
0.081083820000000,7,,
0.081094252000000,\n,,
0.082072796000000,4,,
0.082083228000000,7,,
0.082093672000000,\n,,
0.083076508000000,4,,
0.083086932000000,7,,
0.083097376000000,\n,,
0.084076556000000,4,,
0.084086988000000,7,,
0.084097428000000,\n,,
0.085085488000000,4,,
0.085095912000000,8,,
0.085106344000000,\n,,
0.086073896000000,4,,
0.086084328000000,7,,
0.086094764000000,\n,,
0.087073100000000,4,,
0.087083532000000,7,,
0.087093972000000,\n,,
0.088073464000000,4,,
0.088083896000000,7,,
0.088094332000000,\n,,
0.089073552000000,4,,
0.089083984000000,7,,
0.089094432000000,\n,,
0.090076716000000,4,,
0.090087152000000,7,,
0.090097596000000,\n,,
0.091077028000000,4,,
0.091087460000000,7,,
0.091097908000000,\n,,
0.092075940000000,4,,
0.092086372000000,8,,
0.092096812000000,\n,,
0.093074096000000,4,,
0.093084528000000,7,,
0.093094972000000,\n,,
0.094076656000000,4,,
0.094087088000000,7,,
0.094097532000000,\n,,
0.095073756000000,4,,
0.095084184000000,7,,
0.095094628000000,\n,,
0.096074192000000,4,,
0.096084616000000,7,,
0.096095060000000,\n,,
0.097077916000000,4,,
0.097088352000000,7,,
0.097098796000000,\n,,
0.098074132000000,4,,
0.098084560000000,8,,
0.098095004000000,\n,,
0.099075072000000,4,,
0.099085500000000,7,,
0.099095944000000,\n,,
0.100075468000000,4,,
0.100085896000000,7,,
0.100096344000000,\n,,
0.101073996000000,4,,
0.101084424000000,7,,
0.101094868000000,\n,,
0.102077492000000,4,,
0.102087928000000,7,,
0.102098368000000,\n,,
0.103082484000000,4,,
0.103092916000000,8,,
0.103103360000000,\n,,
0.104083968000000,4,,
0.104094404000000,7,,
0.104104844000000,\n,,
0.105074368000000,4,,
0.105084800000000,7,,
0.105095240000000,\n,,
0.106075800000000,4,,
0.106086228000000,7,,
0.106096664000000,\n,,
0.107075156000000,4,,
0.107085584000000,7,,
0.107096024000000,\n,,
0.108074292000000,4,,
0.108084720000000,7,,
0.108095160000000,\n,,
0.109075840000000,4,,
0.109086272000000,7,,
0.109096712000000,\n,,
0.110081116000000,4,,
0.110091548000000,8,,
0.110101992000000,\n,,
0.111081176000000,4,,
0.111091604000000,7,,
0.111102044000000,\n,,
0.112074476000000,4,,
0.112084908000000,7,,
0.112095348000000,\n,,
0.113074316000000,4,,
0.113084744000000,7,,
0.113095196000000,\n,,
0.114074508000000,4,,
0.114084936000000,7,,
0.114095376000000,\n,,
0.115074236000000,4,,
0.115084664000000,7,,
0.115095100000000,\n,,
0.116084372000000,4,,
0.116094800000000,8,,
0.116105244000000,\n,,
0.117081544000000,4,,
0.117091976000000,7,,
0.117102416000000,\n,,
0.118076996000000,4,,
0.118087428000000,7,,
0.118097868000000,\n,,
0.119074472000000,4,,
0.119084900000000,7,,
0.119095340000000,\n,,
0.120074612000000,4,,
0.120085040000000,7,,
0.120095480000000,\n,,
0.121074644000000,4,,
0.121085076000000,7,,
0.121095520000000,\n,,
0.122074300000000,4,,
0.122084728000000,7,,
0.122095168000000,\n,,
0.123073632000000,4,,
0.123084060000000,7,,
0.123094504000000,\n,,
0.124076624000000,4,,
0.124087052000000,7,,
0.124097492000000,\n,,
0.125077604000000,4,,
0.125088032000000,8,,
0.125098480000000,\n,,
0.126075192000000,4,,
0.126085624000000,7,,
0.126096064000000,\n,,
0.127075140000000,4,,
0.127085568000000,7,,
0.127096016000000,\n,,
0.128076084000000,4,,
0.128086520000000,7,,
0.128096968000000,\n,,
0.129074780000000,4,,
0.129085212000000,7,,
0.129095656000000,\n,,
0.130071944000000,4,,
0.130082380000000,7,,
0.130092824000000,\n,,
0.131078672000000,4,,
0.131089100000000,7,,
0.131099540000000,\n,,
0.132077392000000,4,,
0.132087824000000,7,,
0.132098260000000,\n,,
0.133076824000000,4,,
0.133087256000000,8,,
0.133097696000000,\n,,
0.134076040000000,4,,
0.134086468000000,7,,
0.134096908000000,\n,,
0.135074804000000,4,,
0.135085232000000,7,,
0.135095676000000,\n,,
0.136074664000000,4,,
0.136085096000000,7,,
0.136095536000000,\n,,
0.137076140000000,4,,
0.137086576000000,7,,
0.137097016000000,\n,,
0.138072560000000,4,,
0.138082988000000,7,,
0.138093428000000,\n,,
0.139077724000000,4,,
0.139088156000000,7,,
0.139098592000000,\n,,
0.140078288000000,4,,
0.140088720000000,8,,
0.140099164000000,\n,,
0.141074536000000,4,,
0.141084960000000,7,,
0.141095400000000,\n,,
0.142074320000000,4,,
0.142084748000000,7,,
0.142095192000000,\n,,
0.143073988000000,4,,
0.143084416000000,7,,
0.143094856000000,\n,,
0.144074692000000,4,,
0.144085120000000,7,,
0.144095560000000,\n,,
0.145074156000000,4,,
0.145084588000000,7,,
0.145095032000000,\n,,
0.146075928000000,4,,
0.146086356000000,7,,
0.146096800000000,\n,,
0.147077656000000,4,,
0.147088084000000,8,,
0.147098528000000,\n,,
0.148076336000000,4,,
0.148086768000000,7,,
0.148097212000000,\n,,
0.149074576000000,4,,
0.149085004000000,7,,
0.149095448000000,\n,,
0.150074164000000,4,,
0.150084596000000,7,,
0.150095040000000,\n,,
0.151074444000000,4,,
0.151084880000000,7,,
0.151095324000000,\n,,
0.152074260000000,4,,
0.152084704000000,7,,
0.152095136000000,\n,,
0.153078056000000,4,,
0.153088492000000,7,,
0.153098936000000,\n,,
0.154077288000000,4,,
0.154087720000000,7,,
0.154098168000000,\n,,
0.155075368000000,4,,
0.155085808000000,7,,
0.155096256000000,\n,,
0.156075728000000,4,,
0.156086160000000,8,,
0.156096608000000,\n,,
0.157075380000000,4,,
0.157085808000000,7,,
0.157096256000000,\n,,
0.158087240000000,4,,
0.158097680000000,7,,
0.158108120000000,\n,,
0.159083968000000,4,,
0.159094408000000,7,,
0.159104852000000,\n,,
0.160074984000000,4,,
0.160085416000000,7,,
0.160095860000000,\n,,
0.161080276000000,4,,
0.161090704000000,7,,
0.161101152000000,\n,,
0.162077456000000,4,,
0.162087892000000,7,,
0.162098340000000,\n,,
0.163077620000000,4,,
0.163088056000000,8,,
0.163098508000000,\n,,
0.164076260000000,4,,
0.164086692000000,7,,
0.164097128000000,\n,,
0.165083060000000,4,,
0.165093492000000,7,,
0.165103932000000,\n,,
0.166081544000000,4,,
0.166091976000000,7,,
0.166102416000000,\n,,
0.167072436000000,4,,
0.167082864000000,7,,
0.167093300000000,\n,,
0.168076144000000,4,,
0.168086576000000,7,,
0.168097012000000,\n,,
0.169077664000000,4,,
0.169088096000000,7,,
0.169098540000000,\n,,
0.170077708000000,4,,
0.170088148000000,7,,
0.170098588000000,\n,,
0.171078988000000,4,,
0.171089420000000,8,,
0.171099860000000,\n,,
0.172075032000000,4,,
0.172085460000000,7,,
0.172095904000000,\n,,
0.173074816000000,4,,
0.173085244000000,7,,
0.173095692000000,\n,,
0.174075716000000,4,,
0.174086152000000,7,,
0.174096592000000,\n,,
0.175074036000000,4,,
0.175084468000000,7,,
0.175094908000000,\n,,
0.176074700000000,4,,
0.176085132000000,7,,
0.176095576000000,\n,,
0.177078932000000,4,,
0.177089360000000,7,,
0.177099804000000,\n,,
0.178078016000000,4,,
0.178088444000000,8,,
0.178098880000000,\n,,
0.179075520000000,4,,
0.179085952000000,7,,
0.179096396000000,\n,,
0.180073948000000,4,,
0.180084376000000,7,,
0.180094816000000,\n,,
0.181073756000000,4,,
0.181084188000000,7,,
0.181094632000000,\n,,
0.182073436000000,4,,
0.182083868000000,7,,
0.182094312000000,\n,,
0.183073868000000,4,,
0.183084292000000,7,,
0.183094732000000,\n,,
0.184076948000000,4,,
0.184087392000000,7,,
0.184097828000000,\n,,
0.185076596000000,4,,
0.185087020000000,7,,
0.185097460000000,\n,,
0.186075800000000,4,,
0.186086232000000,8,,
0.186096672000000,\n,,
0.187074940000000,4,,
0.187085368000000,7,,
0.187095812000000,\n,,
0.188073836000000,4,,
0.188084264000000,7,,
0.188094700000000,\n,,
0.189075100000000,4,,
0.189085540000000,7,,
0.189095972000000,\n,,
0.190074104000000,4,,
0.190084528000000,7,,
0.190094972000000,\n,,
0.191077768000000,4,,
0.191088200000000,7,,
0.191098636000000,\n,,
0.192077040000000,4,,
0.192087472000000,7,,
0.192097916000000,\n,,
0.193077096000000,4,,
0.193087524000000,8,,
0.193097964000000,\n,,
0.194074416000000,4,,
0.194084848000000,7,,
0.194095292000000,\n,,
0.195073644000000,4,,
0.195084076000000,7,,
0.195094520000000,\n,,
0.196074660000000,4,,
0.196085096000000,7,,
0.196095536000000,\n,,
0.197074540000000,4,,
0.197084972000000,7,,
0.197095412000000,\n,,
0.198077616000000,4,,
0.198088048000000,7,,
0.198098488000000,\n,,
0.199078512000000,4,,
0.199088940000000,7,,
0.199099380000000,\n,,
0.200076328000000,4,,
0.200086760000000,8,,
0.200097200000000,\n,,
0.201075172000000,4,,
0.201085604000000,7,,
0.201096048000000,\n,,
0.202075660000000,4,,
0.202086088000000,7,,
0.202096528000000,\n,,
0.203075208000000,4,,
0.203085640000000,7,,
0.203096084000000,\n,,
0.204073024000000,4,,
0.204083456000000,7,,
0.204093904000000,\n,,
0.205078556000000,4,,
0.205088984000000,7,,
0.205099424000000,\n,,
0.206077004000000,4,,
0.206087436000000,7,,
0.206097876000000,\n,,
0.207076752000000,4,,
0.207087184000000,7,,
0.207097624000000,\n,,
0.208076888000000,4,,
0.208087316000000,8,,
0.208097756000000,\n,,
0.209074508000000,4,,
0.209084940000000,7,,
0.209095384000000,\n,,
0.210074244000000,4,,
0.210084676000000,7,,
0.210095120000000,\n,,
0.211085800000000,4,,
0.211096232000000,7,,
0.211106672000000,\n,,
0.212080972000000,4,,
0.212091400000000,7,,
0.212101836000000,\n,,
0.213077860000000,4,,
0.213088288000000,7,,
0.213098728000000,\n,,
0.214077704000000,4,,
0.214088128000000,8,,
0.214098572000000,\n,,
0.215075920000000,4,,
0.215086356000000,7,,
0.215096796000000,\n,,
0.216074704000000,4,,
0.216085132000000,7,,
0.216095580000000,\n,,
0.217075468000000,4,,
0.217085900000000,7,,
0.217096340000000,\n,,
0.218084384000000,4,,
0.218094816000000,7,,
0.218105256000000,\n,,
0.219083636000000,4,,
0.219094060000000,8,,
0.219104500000000,\n,,
0.220078012000000,4,,
0.220088440000000,6,,
0.220098880000000,\n,,
0.221076824000000,4,,
0.221087248000000,7,,
0.221097684000000,\n,,
0.222076432000000,4,,
0.222086856000000,8,,
0.222097292000000,\n,,
0.223074344000000,4,,
0.223084776000000,7,,
0.223095220000000,\n,,
0.224077896000000,4,,
0.224088324000000,7,,
0.224098768000000,\n,,
0.225075092000000,4,,
0.225085520000000,7,,
0.225095956000000,\n,,
0.226084244000000,4,,
0.226094672000000,8,,
0.226105112000000,\n,,
0.227083792000000,4,,
0.227094220000000,7,,
0.227104664000000,\n,,
0.228077400000000,4,,
0.228087836000000,6,,
0.228098280000000,\n,,
0.229076852000000,4,,
0.229087276000000,8,,
0.229097716000000,\n,,
0.230074536000000,4,,
0.230084976000000,7,,
0.230095416000000,\n,,
0.231074208000000,4,,
0.231084640000000,7,,
0.231095084000000,\n,,
0.232074100000000,4,,
0.232084528000000,7,,
0.232094968000000,\n,,
0.233073976000000,4,,
0.233084404000000,7,,
0.233094860000000,\n,,
0.234077964000000,4,,
0.234088396000000,7,,
0.234098840000000,\n,,
0.235078304000000,4,,
0.235088728000000,7,,
0.235099164000000,\n,,
0.236078636000000,4,,
0.236089060000000,8,,
0.236099504000000,\n,,
0.237081168000000,4,,
0.237091596000000,7,,
0.237102028000000,\n,,
0.238080596000000,4,,
0.238091024000000,7,,
0.238101468000000,\n,,
0.239076036000000,4,,
0.239086464000000,7,,
0.239096904000000,\n,,
0.240075088000000,4,,
0.240085516000000,7,,
0.240095956000000,\n,,
0.241074296000000,4,,
0.241084724000000,7,,
0.241095164000000,\n,,
0.242078264000000,4,,
0.242088692000000,7,,
0.242099132000000,\n,,
0.243078060000000,4,,
0.243088492000000,8,,
0.243098936000000,\n,,
0.244075104000000,4,,
0.244085536000000,7,,
0.244095976000000,\n,,
0.245082436000000,4,,
0.245092864000000,7,,
0.245103304000000,\n,,
0.246074752000000,4,,
0.246085180000000,7,,
0.246095620000000,\n,,
0.247074040000000,4,,
0.247084468000000,7,,
0.247094904000000,\n,,
0.248078992000000,4,,
0.248089416000000,7,,
0.248099860000000,\n,,
0.249071304000000,4,,
0.249081732000000,7,,
0.249092172000000,\n,,
0.250077456000000,4,,
0.250087884000000,8,,
0.250098324000000,\n,,
0.251075008000000,4,,
0.251085432000000,7,,
0.251095868000000,\n,,
0.252074364000000,4,,
0.252084792000000,7,,
0.252095228000000,\n,,
0.253074912000000,4,,
0.253085336000000,7,,
0.253095776000000,\n,,
0.254085000000000,4,,
0.254095428000000,8,,
0.254105864000000,\n,,
0.255082436000000,4,,
0.255092860000000,7,,
0.255103304000000,\n,,
0.256074704000000,4,,
0.256085136000000,7,,
0.256095576000000,\n,,
0.257074676000000,4,,
0.257085104000000,7,,
0.257095544000000,\n,,
0.258074468000000,4,,
0.258084896000000,7,,
0.258095332000000,\n,,
0.259077552000000,4,,
0.259087980000000,7,,
0.259098420000000,\n,,
0.260077320000000,4,,
0.260087748000000,8,,
0.260098188000000,\n,,
0.261080908000000,4,,
0.261091340000000,7,,
0.261101780000000,\n,,
0.262081996000000,4,,
0.262092424000000,7,,
0.262102864000000,\n,,
0.263075996000000,4,,
0.263086424000000,7,,
0.263096868000000,\n,,
0.264074468000000,4,,
0.264084892000000,7,,
0.264095332000000,\n,,
0.265074404000000,4,,
0.265084836000000,7,,
0.265095276000000,\n,,
0.266077280000000,4,,
0.266087708000000,7,,
0.266098152000000,\n,,
0.267075808000000,4,,
0.267086232000000,7,,
0.267096676000000,\n,,
0.268074864000000,4,,
0.268085292000000,8,,
0.268095728000000,\n,,
0.269074912000000,4,,
0.269085344000000,7,,
0.269095784000000,\n,,
0.270076104000000,4,,
0.270086536000000,7,,
0.270096976000000,\n,,
0.271074504000000,4,,
0.271084928000000,7,,
0.271095368000000,\n,,
0.272074628000000,4,,
0.272085056000000,7,,
0.272095496000000,\n,,
0.273079160000000,4,,
0.273089584000000,7,,
0.273100028000000,\n,,
0.274077240000000,4,,
0.274087672000000,8,,
0.274098112000000,\n,,
0.275076156000000,4,,
0.275086588000000,7,,
0.275097028000000,\n,,
0.276076216000000,4,,
0.276086648000000,7,,
0.276097084000000,\n,,
0.277074584000000,4,,
0.277085016000000,7,,
0.277095460000000,\n,,
0.278084160000000,4,,
0.278094584000000,7,,
0.278105024000000,\n,,
0.279085532000000,4,,
0.279095956000000,8,,
0.279106392000000,\n,,
0.280077752000000,4,,
0.280088180000000,6,,
0.280098624000000,\n,,
0.281077256000000,4,,
0.281087692000000,8,,
0.281098136000000,\n,,
0.282077068000000,4,,
0.282087496000000,7,,
0.282097936000000,\n,,
0.283074308000000,4,,
0.283084736000000,7,,
0.283095176000000,\n,,
0.284075304000000,4,,
0.284085732000000,7,,
0.284096180000000,\n,,
0.285076604000000,4,,
0.285087028000000,7,,
0.285097464000000,\n,,
0.286082312000000,4,,
0.286092740000000,7,,
0.286103180000000,\n,,
0.287083404000000,4,,
0.287093828000000,8,,
0.287104264000000,\n,,
0.288078024000000,4,,
0.288088456000000,7,,
0.288098892000000,\n,,
0.289076116000000,4,,
0.289086548000000,7,,
0.289096988000000,\n,,
0.290074728000000,4,,
0.290085160000000,7,,
0.290095604000000,\n,,
0.291084632000000,4,,
0.291095068000000,7,,
0.291105508000000,\n,,
0.292083924000000,4,,
0.292094356000000,7,,
0.292104800000000,\n,,
0.293074800000000,4,,
0.293085232000000,7,,
0.293095676000000,\n,,
0.294077952000000,4,,
0.294088384000000,7,,
0.294098824000000,\n,,
0.295077068000000,4,,
0.295087496000000,8,,
0.295097932000000,\n,,
0.296075936000000,4,,
0.296086364000000,7,,
0.296096808000000,\n,,
0.297081172000000,4,,
0.297091604000000,7,,
0.297102048000000,\n,,
0.298081532000000,4,,
0.298091964000000,7,,
0.298102404000000,\n,,
0.299084676000000,4,,
0.299095104000000,7,,
0.299105552000000,\n,,
0.300084708000000,4,,
0.300095140000000,8,,
0.300105584000000,\n,,
0.301077740000000,4,,
0.301088168000000,6,,
0.301098608000000,\n,,
0.302077868000000,4,,
0.302088296000000,7,,
0.302098744000000,\n,,
0.303077160000000,4,,
0.303087588000000,8,,
0.303098028000000,\n,,
0.304084872000000,4,,
0.304095304000000,7,,
0.304105744000000,\n,,
0.305080912000000,4,,
0.305091340000000,7,,
0.305101780000000,\n,,
0.306074348000000,4,,
0.306084776000000,7,,
0.306095216000000,\n,,
0.307071780000000,4,,
0.307082216000000,7,,
0.307092656000000,\n,,
0.308077240000000,4,,
0.308087672000000,7,,
0.308098108000000,\n,,
0.309078144000000,4,,
0.309088568000000,7,,
0.309099008000000,\n,,
0.310078448000000,4,,
0.310088872000000,8,,
0.310099312000000,\n,,
0.311074928000000,4,,
0.311085356000000,7,,
0.311095796000000,\n,,
0.312075192000000,4,,
0.312085616000000,7,,
0.312096056000000,\n,,
0.313077028000000,4,,
0.313087464000000,7,,
0.313097896000000,\n,,
0.314075308000000,4,,
0.314085736000000,7,,
0.314096176000000,\n,,
0.315077268000000,4,,
0.315087692000000,7,,
0.315098132000000,\n,,
0.316078964000000,4,,
0.316089396000000,8,,
0.316099840000000,\n,,
0.317077708000000,4,,
0.317088140000000,7,,
0.317098580000000,\n,,
0.318074912000000,4,,
0.318085348000000,7,,
0.318095792000000,\n,,
0.319076188000000,4,,
0.319086616000000,7,,
0.319097056000000,\n,,
0.320075336000000,4,,
0.320085764000000,7,,
0.320096204000000,\n,,
0.321084740000000,4,,
0.321095168000000,7,,
0.321105604000000,\n,,
0.322084188000000,4,,
0.322094616000000,8,,
0.322105060000000,\n,,
0.323075488000000,4,,
0.323085916000000,6,,
0.323096356000000,\n,,
0.324077900000000,4,,
0.324088332000000,8,,
0.324098772000000,\n,,
0.325075336000000,4,,
0.325085768000000,7,,
0.325096204000000,\n,,
0.326074720000000,4,,
0.326085144000000,7,,
0.326095584000000,\n,,
0.327074240000000,4,,
0.327084668000000,7,,
0.327095108000000,\n,,
0.328075036000000,4,,
0.328085468000000,7,,
0.328095908000000,\n,,
0.329074372000000,4,,
0.329084800000000,7,,
0.329095240000000,\n,,
0.330077800000000,4,,
0.330088232000000,7,,
0.330098672000000,\n,,
0.331075360000000,4,,
0.331085792000000,7,,
0.331096232000000,\n,,
0.332075036000000,4,,
0.332085464000000,8,,
0.332095900000000,\n,,
0.333075920000000,4,,
0.333086348000000,7,,
0.333096788000000,\n,,
0.334084444000000,4,,
0.334094876000000,7,,
0.334105316000000,\n,,
0.335084516000000,4,,
0.335094944000000,7,,
0.335105384000000,\n,,
0.336074876000000,4,,
0.336085308000000,7,,
0.336095752000000,\n,,
0.337079116000000,4,,
0.337089552000000,7,,
0.337099992000000,\n,,
0.338078092000000,4,,
0.338088528000000,8,,
0.338098956000000,\n,,
0.339075200000000,4,,
0.339085624000000,7,,
0.339096068000000,\n,,
0.340082164000000,4,,
0.340092592000000,7,,
0.340103028000000,\n,,
0.341085988000000,4,,
0.341096416000000,7,,
0.341106852000000,\n,,
0.342085244000000,4,,
0.342095672000000,7,,
0.342106112000000,\n,,
0.343085040000000,4,,
0.343095468000000,8,,
0.343105904000000,\n,,
0.344080596000000,4,,
0.344091028000000,7,,
0.344101464000000,\n,,
0.345078540000000,4,,
0.345088968000000,7,,
0.345099412000000,\n,,
0.346076068000000,4,,
0.346086500000000,7,,
0.346096940000000,\n,,
0.347076712000000,4,,
0.347087148000000,7,,
0.347097592000000,\n,,
0.348075064000000,4,,
0.348085492000000,7,,
0.348095936000000,\n,,
0.349075016000000,4,,
0.349085444000000,7,,
0.349095888000000,\n,,
0.350076436000000,4,,
0.350086868000000,7,,
0.350097312000000,\n,,
0.351078360000000,4,,
0.351088792000000,7,,
0.351099236000000,\n,,
0.352078268000000,4,,
0.352088700000000,7,,
0.352099144000000,\n,,
0.353079212000000,4,,
0.353089644000000,8,,
0.353100088000000,\n,,
0.354075508000000,4,,
0.354085940000000,7,,
0.354096376000000,\n,,
0.355074868000000,4,,
0.355085296000000,7,,
0.355095732000000,\n,,
0.356076780000000,4,,
0.356087212000000,7,,
0.356097648000000,\n,,
0.357074996000000,4,,
0.357085420000000,7,,
0.357095864000000,\n,,
0.358075036000000,4,,
0.358085468000000,7,,
0.358095904000000,\n,,
0.359078104000000,4,,
0.359088536000000,7,,
0.359098972000000,\n,,
0.360077336000000,4,,
0.360087764000000,8,,
0.360098204000000,\n,,
0.361075796000000,4,,
0.361086232000000,7,,
0.361096676000000,\n,,
0.362075536000000,4,,
0.362085964000000,7,,
0.362096408000000,\n,,
0.363078192000000,4,,
0.363088628000000,7,,
0.363099072000000,\n,,
0.364075260000000,4,,
0.364085692000000,7,,
0.364096136000000,\n,,
0.365075804000000,4,,
0.365086232000000,7,,
0.365096672000000,\n,,
0.366077840000000,4,,
0.366088272000000,7,,
0.366098716000000,\n,,
0.367076324000000,4,,
0.367086756000000,7,,
0.367097196000000,\n,,
0.368075840000000,4,,
0.368086272000000,8,,
0.368096708000000,\n,,
0.369074968000000,4,,
0.369085396000000,7,,
0.369095840000000,\n,,
0.370077648000000,4,,
0.370088080000000,7,,
0.370098528000000,\n,,
0.371077960000000,4,,
0.371088380000000,8,,
0.371098820000000,\n,,
0.372074636000000,4,,
0.372085068000000,7,,
0.372095512000000,\n,,
0.373075272000000,4,,
0.373085704000000,7,,
0.373096144000000,\n,,
0.374078136000000,4,,
0.374088568000000,7,,
0.374099012000000,\n,,
0.375077768000000,4,,
0.375088200000000,8,,
0.375098648000000,\n,,
0.376076256000000,4,,
0.376086688000000,7,,
0.376097128000000,\n,,
0.377075592000000,4,,
0.377086016000000,7,,
0.377096460000000,\n,,
0.378086380000000,4,,
0.378096816000000,7,,
0.378107260000000,\n,,
0.379084736000000,4,,
0.379095164000000,7,,
0.379105604000000,\n,,
0.380074964000000,4,,
0.380085392000000,7,,
0.380095832000000,\n,,
0.381079220000000,4,,
0.381089644000000,7,,
0.381100084000000,\n,,
0.382077996000000,4,,
0.382088424000000,7,,
0.382098868000000,\n,,
0.383077520000000,4,,
0.383087948000000,8,,
0.383098388000000,\n,,
0.384076112000000,4,,
0.384086540000000,7,,
0.384096980000000,\n,,
0.385075312000000,4,,
0.385085740000000,7,,
0.385096176000000,\n,,
0.386075252000000,4,,
0.386085684000000,7,,
0.386096124000000,\n,,
0.387075856000000,4,,
0.387086284000000,7,,
0.387096728000000,\n,,
0.388078552000000,4,,
0.388088980000000,7,,
0.388099424000000,\n,,
0.389082480000000,4,,
0.389092908000000,8,,
0.389103348000000,\n,,
0.390082960000000,4,,
0.390093392000000,7,,
0.390103836000000,\n,,
0.391075424000000,4,,
0.391085856000000,7,,
0.391096296000000,\n,,
0.392075512000000,4,,
0.392085940000000,7,,
0.392096380000000,\n,,
0.393086020000000,4,,
0.393096448000000,7,,
0.393106888000000,\n,,
0.394085776000000,4,,
0.394096208000000,8,,
0.394106648000000,\n,,
0.395075688000000,4,,
0.395086116000000,7,,
0.395096552000000,\n,,
0.396075516000000,4,,
0.396085944000000,7,,
0.396096388000000,\n,,
0.397075024000000,4,,
0.397085456000000,7,,
0.397095900000000,\n,,
0.398075088000000,4,,
0.398085520000000,7,,
0.398095964000000,\n,,
0.399078176000000,4,,
0.399088608000000,7,,
0.399099048000000,\n,,
0.400078468000000,4,,
0.400088900000000,8,,
0.400099340000000,\n,,
0.401077216000000,4,,
0.401087644000000,7,,
0.401098084000000,\n,,
0.402075820000000,4,,
0.402086248000000,7,,
0.402096688000000,\n,,
0.403075252000000,4,,
0.403085684000000,7,,
0.403096124000000,\n,,
0.404078856000000,4,,
0.404089284000000,7,,
0.404099720000000,\n,,
0.405072912000000,4,,
0.405083340000000,7,,
0.405093776000000,\n,,
0.406078208000000,4,,
0.406088640000000,7,,
0.406099088000000,\n,,
0.407077316000000,4,,
0.407087744000000,7,,
0.407098184000000,\n,,
0.408077156000000,4,,
0.408087588000000,8,,
0.408098032000000,\n,,
0.409075936000000,4,,
0.409086368000000,7,,
0.409096808000000,\n,,
0.410075364000000,4,,
0.410085800000000,7,,
0.410096244000000,\n,,
0.411075840000000,4,,
0.411086268000000,7,,
0.411096712000000,\n,,
0.412076300000000,4,,
0.412086732000000,7,,
0.412097176000000,\n,,
0.413079908000000,4,,
0.413090336000000,7,,
0.413100780000000,\n,,
0.414078892000000,4,,
0.414089324000000,7,,
0.414099764000000,\n,,
0.415079816000000,4,,
0.415090248000000,8,,
0.415100696000000,\n,,
0.416075968000000,4,,
0.416086404000000,7,,
0.416096840000000,\n,,
0.417075928000000,4,,
0.417086356000000,7,,
0.417096800000000,\n,,
0.418076792000000,4,,
0.418087220000000,7,,
0.418097660000000,\n,,
0.419075084000000,4,,
0.419085512000000,7,,
0.419095952000000,\n,,
0.420075764000000,4,,
0.420086196000000,7,,
0.420096640000000,\n,,
0.421079836000000,4,,
0.421090268000000,7,,
0.421100712000000,\n,,
0.422078036000000,4,,
0.422088464000000,8,,
0.422098904000000,\n,,
0.423076112000000,4,,
0.423086540000000,7,,
0.423096984000000,\n,,
0.424079692000000,4,,
0.424090124000000,7,,
0.424100568000000,\n,,
0.425078244000000,4,,
0.425088676000000,7,,
0.425099116000000,\n,,
0.426078752000000,4,,
0.426089180000000,8,,
0.426099620000000,\n,,
0.427077596000000,4,,
0.427088028000000,7,,
0.427098472000000,\n,,
0.428075772000000,4,,
0.428086204000000,7,,
0.428096648000000,\n,,
0.429075512000000,4,,
0.429085944000000,7,,
0.429096388000000,\n,,
0.430075456000000,4,,
0.430085888000000,7,,
0.430096328000000,\n,,
0.431075908000000,4,,
0.431086340000000,7,,
0.431096780000000,\n,,
0.432077976000000,4,,
0.432088408000000,7,,
0.432098848000000,\n,,
0.433079504000000,4,,
0.433089936000000,8,,
0.433100380000000,\n,,
0.434077608000000,4,,
0.434088044000000,7,,
0.434098488000000,\n,,
0.435075516000000,4,,
0.435085948000000,7,,
0.435096388000000,\n,,
0.436075152000000,4,,
0.436085584000000,7,,
0.436096024000000,\n,,
0.437075188000000,4,,
0.437085620000000,7,,
0.437096064000000,\n,,
0.438075756000000,4,,
0.438086188000000,7,,
0.438096632000000,\n,,
0.439075284000000,4,,
0.439085716000000,7,,
0.439096164000000,\n,,
0.440082688000000,4,,
0.440093120000000,8,,
0.440103564000000,\n,,
0.441082380000000,4,,
0.441092808000000,7,,
0.441103256000000,\n,,
0.442076964000000,4,,
0.442087404000000,7,,
0.442097848000000,\n,,
0.443076100000000,4,,
0.443086536000000,7,,
0.443096984000000,\n,,
0.444082928000000,4,,
0.444093360000000,7,,
0.444103804000000,\n,,
0.445085552000000,4,,
0.445095980000000,7,,
0.445106424000000,\n,,
0.446075784000000,4,,
0.446086216000000,7,,
0.446096660000000,\n,,
0.447075036000000,4,,
0.447085464000000,7,,
0.447095904000000,\n,,
0.448079284000000,4,,
0.448089716000000,7,,
0.448100164000000,\n,,
0.449079836000000,4,,
0.449090272000000,8,,
0.449100716000000,\n,,
0.450075632000000,4,,
0.450086064000000,7,,
0.450096508000000,\n,,
0.451082324000000,4,,
0.451092752000000,7,,
0.451103196000000,\n,,
0.452087136000000,4,,
0.452097572000000,7,,
0.452108020000000,\n,,
0.453076008000000,4,,
0.453086440000000,7,,
0.453096880000000,\n,,
0.454082408000000,4,,
0.454092840000000,7,,
0.454103280000000,\n,,
0.455079408000000,4,,
0.455089840000000,7,,
0.455100280000000,\n,,
0.456079032000000,4,,
0.456089464000000,7,,
0.456099908000000,\n,,
0.457078584000000,4,,
0.457089012000000,8,,
0.457099456000000,\n,,
0.458085936000000,4,,
0.458096368000000,7,,
0.458106804000000,\n,,
0.459076468000000,4,,
0.459086900000000,7,,
0.459097344000000,\n,,
0.460075868000000,4,,
0.460086296000000,7,,
0.460096744000000,\n,,
0.461077260000000,4,,
0.461087692000000,7,,
0.461098132000000,\n,,
0.462076444000000,4,,
0.462086876000000,7,,
0.462097316000000,\n,,
0.463080816000000,4,,
0.463091248000000,7,,
0.463101692000000,\n,,
0.464079984000000,4,,
0.464090420000000,8,,
0.464100864000000,\n,,
0.465078192000000,4,,
0.465088624000000,7,,
0.465099068000000,\n,,
0.466075748000000,4,,
0.466086180000000,7,,
0.466096624000000,\n,,
0.467075652000000,4,,
0.467086084000000,7,,
0.467096516000000,\n,,
0.468076232000000,4,,
0.468086660000000,7,,
0.468097104000000,\n,,
0.469075896000000,4,,
0.469086328000000,7,,
0.469096764000000,\n,,
0.470078548000000,4,,
0.470088976000000,7,,
0.470099420000000,\n,,
0.471078184000000,4,,
0.471088616000000,7,,
0.471099060000000,\n,,
0.472078920000000,4,,
0.472089352000000,8,,
0.472099792000000,\n,,
0.473075660000000,4,,
0.473086088000000,7,,
0.473096532000000,\n,,
0.474076280000000,4,,
0.474086712000000,7,,
0.474097152000000,\n,,
0.475076308000000,4,,
0.475086740000000,7,,
0.475097180000000,\n,,
0.476075400000000,4,,
0.476085828000000,7,,
0.476096268000000,\n,,
0.477075640000000,4,,
0.477086072000000,7,,
0.477096516000000,\n,,
0.478078836000000,4,,
0.478089272000000,7,,
0.478099716000000,\n,,
0.479078780000000,4,,
0.479089208000000,8,,
0.479099652000000,\n,,
0.480077252000000,4,,
0.480087684000000,7,,
0.480098128000000,\n,,
0.481076464000000,4,,
0.481086900000000,7,,
0.481097336000000,\n,,
0.482075324000000,4,,
0.482085752000000,7,,
0.482096192000000,\n,,
0.483075468000000,4,,
0.483085896000000,7,,
0.483096340000000,\n,,
0.484076184000000,4,,
0.484086612000000,7,,
0.484097052000000,\n,,
0.485079400000000,4,,
0.485089828000000,7,,
0.485100268000000,\n,,
0.486079868000000,4,,
0.486090300000000,7,,
0.486100740000000,\n,,
0.487076428000000,4,,
0.487086864000000,8,,
0.487097308000000,\n,,
0.488075480000000,4,,
0.488085912000000,7,,
0.488096352000000,\n,,
0.489079872000000,4,,
0.489090308000000,7,,
0.489100756000000,\n,,
0.490078560000000,4,,
0.490088988000000,7,,
0.490099432000000,\n,,
0.491078328000000,4,,
0.491088760000000,8,,
0.491099204000000,\n,,
0.492077768000000,4,,
0.492088200000000,7,,
0.492098636000000,\n,,
0.493076428000000,4,,
0.493086856000000,7,,
0.493097296000000,\n,,
0.494077452000000,4,,
0.494087884000000,7,,
0.494098332000000,\n,,
0.495077404000000,4,,
0.495087832000000,7,,
0.495098272000000,\n,,
0.496075896000000,4,,
0.496086324000000,7,,
0.496096768000000,\n,,
0.497083564000000,4,,
0.497093996000000,8,,
0.497104440000000,\n,,
0.498084148000000,4,,
0.498094588000000,7,,
0.498105020000000,\n,,
0.499077376000000,4,,
0.499087804000000,7,,
0.499098248000000,\n,,
0.500076012000000,4,,
0.500086444000000,7,,
0.500096888000000,\n,,
0.501075548000000,4,,
0.501085976000000,7,,
0.501096416000000,\n,,
0.502076144000000,4,,
0.502086576000000,7,,
0.502097020000000,\n,,
0.503075952000000,4,,
0.503086388000000,7,,
0.503096828000000,\n,,
0.504080564000000,4,,
0.504090992000000,7,,
0.504101432000000,\n,,
0.505079036000000,4,,
0.505089468000000,7,,
0.505099908000000,\n,,
0.506079036000000,4,,
0.506089468000000,8,,
0.506099904000000,\n,,
0.507075872000000,4,,
0.507086300000000,7,,
0.507096736000000,\n,,
0.508076152000000,4,,
0.508086584000000,7,,
0.508097028000000,\n,,
0.509076908000000,4,,
0.509087336000000,7,,
0.509097776000000,\n,,
0.510076804000000,4,,
0.510087232000000,7,,
0.510097676000000,\n,,
0.511079236000000,4,,
0.511089668000000,7,,
0.511100112000000,\n,,
0.512079008000000,4,,
0.512089440000000,7,,
0.512099880000000,\n,,
0.513079780000000,4,,
0.513090204000000,8,,
0.513100640000000,\n,,
0.514076740000000,4,,
0.514087172000000,7,,
0.514097612000000,\n,,
0.515075916000000,4,,
0.515086348000000,7,,
0.515096792000000,\n,,
0.516076352000000,4,,
0.516086784000000,7,,
0.516097224000000,\n,,
0.517076648000000,4,,
0.517087076000000,7,,
0.517097516000000,\n,,
0.518075888000000,4,,
0.518086312000000,7,,
0.518096756000000,\n,,
0.519079200000000,4,,
0.519089628000000,7,,
0.519100072000000,\n,,
0.520081152000000,4,,
0.520091580000000,8,,
0.520102020000000,\n,,
0.521076168000000,4,,
0.521086596000000,7,,
0.521097036000000,\n,,
0.522076752000000,4,,
0.522087180000000,7,,
0.522097624000000,\n,,
0.523077728000000,4,,
0.523088156000000,7,,
0.523098596000000,\n,,
0.524073812000000,4,,
0.524084240000000,7,,
0.524094676000000,\n,,
0.525076228000000,4,,
0.525086660000000,7,,
0.525097100000000,\n,,
0.526080148000000,4,,
0.526090576000000,7,,
0.526101012000000,\n,,
0.527078592000000,4,,
0.527089028000000,8,,
0.527099468000000,\n,,
0.528075980000000,4,,
0.528086412000000,7,,
0.528096852000000,\n,,
0.529077356000000,4,,
0.529087788000000,7,,
0.529098228000000,\n,,
0.530076096000000,4,,
0.530086528000000,7,,
0.530096972000000,\n,,
0.531085788000000,4,,
0.531096220000000,7,,
0.531106656000000,\n,,
0.532084692000000,4,,
0.532095116000000,8,,
0.532105564000000,\n,,
0.533079304000000,4,,
0.533089732000000,6,,
0.533100180000000,\n,,
0.534079736000000,4,,
0.534090160000000,8,,
0.534100600000000,\n,,
0.535078916000000,4,,
0.535089348000000,7,,
0.535099792000000,\n,,
0.536075796000000,4,,
0.536086232000000,7,,
0.536096676000000,\n,,
0.537076316000000,4,,
0.537086744000000,7,,
0.537097184000000,\n,,
0.538075872000000,4,,
0.538086304000000,7,,
0.538096748000000,\n,,
0.539076628000000,4,,
0.539087060000000,7,,
0.539097504000000,\n,,
0.540079132000000,4,,
0.540089568000000,7,,
0.540100012000000,\n,,
0.541079352000000,4,,
0.541089780000000,7,,
0.541100220000000,\n,,
0.542079168000000,4,,
0.542089604000000,8,,
0.542100052000000,\n,,
0.543077292000000,4,,
0.543087728000000,7,,
0.543098176000000,\n,,
0.544077456000000,4,,
0.544087892000000,7,,
0.544098332000000,\n,,
0.545076468000000,4,,
0.545086900000000,7,,
0.545097344000000,\n,,
0.546076672000000,4,,
0.546087100000000,7,,
0.546097536000000,\n,,
0.547076760000000,4,,
0.547087192000000,7,,
0.547097640000000,\n,,
0.548079328000000,4,,
0.548089764000000,7,,
0.548100204000000,\n,,
0.549079420000000,4,,
0.549089848000000,8,,
0.549100288000000,\n,,
0.550082668000000,4,,
0.550093100000000,7,,
0.550103544000000,\n,,
0.551083296000000,4,,
0.551093740000000,7,,
0.551104176000000,\n,,
0.552082892000000,4,,
0.552093324000000,7,,
0.552103764000000,\n,,
0.553086184000000,4,,
0.553096616000000,7,,
0.553107064000000,\n,,
0.554084120000000,4,,
0.554094564000000,7,,
0.554105000000000,\n,,
0.555076128000000,4,,
0.555086564000000,7,,
0.555097008000000,\n,,
0.556079324000000,4,,
0.556089760000000,7,,
0.556100200000000,\n,,
0.557081140000000,4,,
0.557091572000000,8,,
0.557102012000000,\n,,
0.558077376000000,4,,
0.558087808000000,7,,
0.558098252000000,\n,,
0.559077260000000,4,,
0.559087696000000,7,,
0.559098136000000,\n,,
0.560078116000000,4,,
0.560088552000000,7,,
0.560098992000000,\n,,
0.561076536000000,4,,
0.561086964000000,7,,
0.561097408000000,\n,,
0.562076112000000,4,,
0.562086544000000,7,,
0.562096988000000,\n,,
0.563081108000000,4,,
0.563091536000000,7,,
0.563101980000000,\n,,
0.564078916000000,4,,
0.564089344000000,7,,
0.564099784000000,\n,,
0.565079604000000,4,,
0.565090036000000,8,,
0.565100480000000,\n,,
0.566077692000000,4,,
0.566088124000000,7,,
0.566098568000000,\n,,
0.567082788000000,4,,
0.567093216000000,7,,
0.567103660000000,\n,,
0.568086024000000,4,,
0.568096456000000,7,,
0.568106904000000,\n,,
0.569075968000000,4,,
0.569086400000000,7,,
0.569096848000000,\n,,
0.570076064000000,4,,
0.570086492000000,7,,
0.570096932000000,\n,,
0.571079508000000,4,,
0.571089940000000,7,,
0.571100384000000,\n,,
0.572080416000000,4,,
0.572090852000000,8,,
0.572101300000000,\n,,
0.573078700000000,4,,
0.573089148000000,7,,
0.573099580000000,\n,,
0.574076672000000,4,,
0.574087104000000,7,,
0.574097548000000,\n,,
0.575076812000000,4,,
0.575087240000000,7,,
0.575097680000000,\n,,
0.576076600000000,4,,
0.576087032000000,7,,
0.576097476000000,\n,,
0.577076116000000,4,,
0.577086544000000,7,,
0.577096988000000,\n,,
0.578079424000000,4,,
0.578089856000000,7,,
0.578100300000000,\n,,
0.579078688000000,4,,
0.579089120000000,7,,
0.579099560000000,\n,,
0.580079976000000,4,,
0.580090404000000,8,,
0.580100848000000,\n,,
0.581077512000000,4,,
0.581087940000000,7,,
0.581098388000000,\n,,
0.582076600000000,4,,
0.582087028000000,7,,
0.582097464000000,\n,,
0.583077796000000,4,,
0.583088232000000,7,,
0.583098668000000,\n,,
0.584076284000000,4,,
0.584086712000000,7,,
0.584097152000000,\n,,
0.585076856000000,4,,
0.585087280000000,7,,
0.585097716000000,\n,,
0.586079772000000,4,,
0.586090204000000,7,,
0.586100644000000,\n,,
0.587079372000000,4,,
0.587089800000000,8,,
0.587100240000000,\n,,
0.588077892000000,4,,
0.588088320000000,7,,
0.588098764000000,\n,,
0.589076264000000,4,,
0.589086692000000,7,,
0.589097132000000,\n,,
0.590076784000000,4,,
0.590087216000000,7,,
0.590097664000000,\n,,
0.591077156000000,4,,
0.591087588000000,7,,
0.591098032000000,\n,,
0.592076664000000,4,,
0.592087096000000,7,,
0.592097540000000,\n,,
0.593079488000000,4,,
0.593089916000000,7,,
0.593100356000000,\n,,
0.594081412000000,4,,
0.594091840000000,8,,
0.594102280000000,\n,,
0.595078164000000,4,,
0.595088596000000,7,,
0.595099032000000,\n,,
0.596076156000000,4,,
0.596086584000000,7,,
0.596097024000000,\n,,
0.597078296000000,4,,
0.597088728000000,7,,
0.597099168000000,\n,,
0.598077208000000,4,,
0.598087640000000,7,,
0.598098080000000,\n,,
0.599076208000000,4,,
0.599086636000000,7,,
0.599097076000000,\n,,
0.600081292000000,4,,
0.600091720000000,7,,
0.600102164000000,\n,,
0.601079176000000,4,,
0.601089604000000,7,,
0.601100048000000,\n,,
0.602079100000000,4,,
0.602089532000000,8,,
0.602099980000000,\n,,
0.603078068000000,4,,
0.603088500000000,7,,
0.603098940000000,\n,,
0.604078752000000,4,,
0.604089192000000,7,,
0.604099624000000,\n,,
0.605085776000000,4,,
0.605096208000000,7,,
0.605106656000000,\n,,
0.606082188000000,4,,
0.606092616000000,8,,
0.606103060000000,\n,,
0.607077076000000,4,,
0.607087508000000,7,,
0.607097952000000,\n,,
0.608076444000000,4,,
0.608086876000000,7,,
0.608097324000000,\n,,
0.609077644000000,4,,
0.609088080000000,7,,
0.609098528000000,\n,,
0.610076580000000,4,,
0.610087008000000,7,,
0.610097452000000,\n,,
0.611076532000000,4,,
0.611086964000000,7,,
0.611097408000000,\n,,
0.612085220000000,4,,
0.612095652000000,8,,
0.612106096000000,\n,,
0.613084132000000,4,,
0.613094564000000,7,,
0.613105012000000,\n,,
0.614078244000000,4,,
0.614088676000000,7,,
0.614099120000000,\n,,
0.615075360000000,4,,
0.615085792000000,7,,
0.615096240000000,\n,,
0.616076972000000,4,,
0.616087400000000,7,,
0.616097844000000,\n,,
0.617076944000000,4,,
0.617087376000000,7,,
0.617097816000000,\n,,
0.618076856000000,4,,
0.618087288000000,7,,
0.618097728000000,\n,,
0.619079308000000,4,,
0.619089740000000,7,,
0.619100184000000,\n,,
0.620084340000000,4,,
0.620094768000000,8,,
0.620105208000000,\n,,
0.621083440000000,4,,
0.621093872000000,7,,
0.621104316000000,\n,,
0.622076532000000,4,,
0.622086960000000,7,,
0.622097404000000,\n,,
0.623083468000000,4,,
0.623093900000000,7,,
0.623104340000000,\n,,
0.624087504000000,4,,
0.624097936000000,7,,
0.624108380000000,\n,,
0.625077124000000,4,,
0.625087556000000,7,,
0.625098000000000,\n,,
0.626077336000000,4,,
0.626087764000000,7,,
0.626098212000000,\n,,
0.627079204000000,4,,
0.627089636000000,7,,
0.627100088000000,\n,,
0.628079728000000,4,,
0.628090156000000,8,,
0.628100596000000,\n,,
0.629078224000000,4,,
0.629088656000000,7,,
0.629099096000000,\n,,
0.630077232000000,4,,
0.630087664000000,7,,
0.630098108000000,\n,,
0.631077336000000,4,,
0.631087768000000,7,,
0.631098212000000,\n,,
0.632077352000000,4,,
0.632087780000000,7,,
0.632098220000000,\n,,
0.633076840000000,4,,
0.633087272000000,7,,
0.633097712000000,\n,,
0.634080408000000,4,,
0.634090852000000,7,,
0.634101292000000,\n,,
0.635079960000000,4,,
0.635090392000000,7,,
0.635100840000000,\n,,
0.636079428000000,4,,
0.636089868000000,8,,
0.636100304000000,\n,,
0.637078084000000,4,,
0.637088512000000,7,,
0.637098952000000,\n,,
0.638076616000000,4,,
0.638087048000000,7,,
0.638097488000000,\n,,
0.639086764000000,4,,
0.639097200000000,7,,
0.639107644000000,\n,,
0.640078848000000,4,,
0.640089276000000,7,,
0.640099716000000,\n,,
0.641080664000000,4,,
0.641091096000000,7,,
0.641101532000000,\n,,
0.642079380000000,4,,
0.642089812000000,7,,
0.642100260000000,\n,,
0.643078700000000,4,,
0.643089132000000,7,,
0.643099576000000,\n,,
0.644077708000000,4,,
0.644088144000000,8,,
0.644098588000000,\n,,
0.645076768000000,4,,
0.645087200000000,7,,
0.645097644000000,\n,,
0.646083472000000,4,,
0.646093900000000,7,,
0.646104344000000,\n,,
0.647086544000000,4,,
0.647096976000000,7,,
0.647107416000000,\n,,
0.648077440000000,4,,
0.648087880000000,7,,
0.648098320000000,\n,,
0.649080032000000,4,,
0.649090468000000,7,,
0.649100908000000,\n,,
0.650080216000000,4,,
0.650090648000000,7,,
0.650101096000000,\n,,
0.651077340000000,4,,
0.651087772000000,7,,
0.651098208000000,\n,,
0.652077420000000,4,,
0.652087848000000,8,,
0.652098284000000,\n,,
0.653077404000000,4,,
0.653087840000000,7,,
0.653098284000000,\n,,
0.654087732000000,4,,
0.654098160000000,7,,
0.654108604000000,\n,,
0.655085016000000,4,,
0.655095444000000,7,,
0.655105888000000,\n,,
0.656076824000000,4,,
0.656087252000000,7,,
0.656097692000000,\n,,
0.657080564000000,4,,
0.657090988000000,7,,
0.657101436000000,\n,,
0.658079852000000,4,,
0.658090288000000,8,,
0.658100736000000,\n,,
0.659078560000000,4,,
0.659088988000000,7,,
0.659099436000000,\n,,
0.660077660000000,4,,
0.660088088000000,7,,
0.660098532000000,\n,,
0.661076748000000,4,,
0.661087172000000,7,,
0.661097612000000,\n,,
0.662076832000000,4,,
0.662087264000000,7,,
0.662097704000000,\n,,
0.663078188000000,4,,
0.663088624000000,7,,
0.663099064000000,\n,,
0.664080188000000,4,,
0.664090624000000,7,,
0.664101068000000,\n,,
0.665077444000000,4,,
0.665087876000000,8,,
0.665098316000000,\n,,
0.666077184000000,4,,
0.666087612000000,7,,
0.666098052000000,\n,,
0.667077024000000,4,,
0.667087456000000,7,,
0.667097900000000,\n,,
0.668081424000000,4,,
0.668091856000000,7,,
0.668102292000000,\n,,
0.669080480000000,4,,
0.669090916000000,7,,
0.669101356000000,\n,,
0.670080144000000,4,,
0.670090580000000,8,,
0.670101024000000,\n,,
0.671084836000000,4,,
0.671095268000000,7,,
0.671105712000000,\n,,
0.672077608000000,4,,
0.672088040000000,7,,
0.672098484000000,\n,,
0.673078052000000,4,,
0.673088480000000,7,,
0.673098928000000,\n,,
0.674078832000000,4,,
0.674089268000000,7,,
0.674099716000000,\n,,
0.675077416000000,4,,
0.675087848000000,7,,
0.675098292000000,\n,,
0.676084396000000,4,,
0.676094828000000,8,,
0.676105268000000,\n,,
0.677085752000000,4,,
0.677096188000000,7,,
0.677106632000000,\n,,
0.678080168000000,4,,
0.678090600000000,7,,
0.678101044000000,\n,,
0.679077340000000,4,,
0.679087772000000,7,,
0.679098212000000,\n,,
0.680078660000000,4,,
0.680089088000000,7,,
0.680099528000000,\n,,
0.681077244000000,4,,
0.681087668000000,7,,
0.681098112000000,\n,,
0.682077384000000,4,,
0.682087816000000,7,,
0.682098264000000,\n,,
0.683077384000000,4,,
0.683087812000000,7,,
0.683098256000000,\n,,
0.684080280000000,4,,
0.684090712000000,7,,
0.684101160000000,\n,,
0.685079972000000,4,,
0.685090400000000,8,,
0.685100844000000,\n,,
0.686079484000000,4,,
0.686089916000000,7,,
0.686100364000000,\n,,
0.687076828000000,4,,
0.687087256000000,7,,
0.687097700000000,\n,,
0.688075004000000,4,,
0.688085432000000,7,,
0.688095872000000,\n,,
0.689077412000000,4,,
0.689087840000000,7,,
0.689098280000000,\n,,
0.690076948000000,4,,
0.690087376000000,7,,
0.690097824000000,\n,,
0.691080436000000,4,,
0.691090864000000,7,,
0.691101308000000,\n,,
0.692079888000000,4,,
0.692090316000000,7,,
0.692100756000000,\n,,
0.693079220000000,4,,
0.693089648000000,8,,
0.693100092000000,\n,,
0.694077392000000,4,,
0.694087816000000,7,,
0.694098256000000,\n,,
0.695078028000000,4,,
0.695088456000000,7,,
0.695098896000000,\n,,
0.696075744000000,4,,
0.696086180000000,7,,
0.696096608000000,\n,,
0.697077196000000,4,,
0.697087628000000,7,,
0.697098072000000,\n,,
0.698079536000000,4,,
0.698089968000000,7,,
0.698100412000000,\n,,
0.699080184000000,4,,
0.699090620000000,7,,
0.699101064000000,\n,,
0.700079832000000,4,,
0.700090264000000,8,,
0.700100708000000,\n,,
0.701077156000000,4,,
0.701087588000000,7,,
0.701098032000000,\n,,
0.702079012000000,4,,
0.702089444000000,7,,
0.702099892000000,\n,,
0.703087072000000,4,,
0.703097500000000,7,,
0.703107940000000,\n,,
0.704089084000000,4,,
0.704099512000000,8,,
0.704109956000000,\n,,
0.705081604000000,4,,
0.705092032000000,6,,
0.705102468000000,\n,,
0.706080736000000,4,,
0.706091164000000,7,,
0.706101604000000,\n,,
0.707080208000000,4,,
0.707090640000000,8,,
0.707101084000000,\n,,
0.708078984000000,4,,
0.708089412000000,7,,
0.708099856000000,\n,,
0.709077596000000,4,,
0.709088020000000,7,,
0.709098460000000,\n,,
0.710077732000000,4,,
0.710088164000000,7,,
0.710098604000000,\n,,
0.711079020000000,4,,
0.711089448000000,7,,
0.711099892000000,\n,,
0.712077000000000,4,,
0.712087432000000,7,,
0.712097876000000,\n,,
0.713081052000000,4,,
0.713091484000000,7,,
0.713101932000000,\n,,
0.714081340000000,4,,
0.714091772000000,8,,
0.714102212000000,\n,,
0.715078448000000,4,,
0.715088876000000,7,,
0.715099316000000,\n,,
0.716077580000000,4,,
0.716088008000000,7,,
0.716098444000000,\n,,
0.717078420000000,4,,
0.717088852000000,7,,
0.717099288000000,\n,,
0.718087452000000,4,,
0.718097880000000,7,,
0.718108316000000,\n,,
0.719087024000000,4,,
0.719097456000000,8,,
0.719107896000000,\n,,
0.720081236000000,4,,
0.720091664000000,6,,
0.720102100000000,\n,,
0.721080980000000,4,,
0.721091412000000,8,,
0.721101856000000,\n,,
0.722078568000000,4,,
0.722088996000000,7,,
0.722099436000000,\n,,
0.723077372000000,4,,
0.723087804000000,7,,
0.723098244000000,\n,,
0.724078000000000,4,,
0.724088432000000,7,,
0.724098872000000,\n,,
0.725085448000000,4,,
0.725095872000000,7,,
0.725106312000000,\n,,
0.726088152000000,4,,
0.726098584000000,8,,
0.726109024000000,\n,,
0.727080092000000,4,,
0.727090524000000,6,,
0.727100960000000,\n,,
0.728080388000000,4,,
0.728090820000000,8,,
0.728101264000000,\n,,
0.729075624000000,4,,
0.729086056000000,6,,
0.729096492000000,\n,,
0.730076932000000,4,,
0.730087360000000,8,,
0.730097796000000,\n,,
0.731077580000000,4,,
0.731088004000000,7,,
0.731098448000000,\n,,
0.732077956000000,4,,
0.732088380000000,7,,
0.732098816000000,\n,,
0.733077224000000,4,,
0.733087652000000,7,,
0.733098092000000,\n,,
0.734080616000000,4,,
0.734091048000000,7,,
0.734101488000000,\n,,
0.735079564000000,4,,
0.735089996000000,8,,
0.735100436000000,\n,,
0.736078620000000,4,,
0.736089052000000,7,,
0.736099496000000,\n,,
0.737084360000000,4,,
0.737094792000000,7,,
0.737105236000000,\n,,
0.738077752000000,4,,
0.738088180000000,7,,
0.738098616000000,\n,,
0.739079232000000,4,,
0.739089660000000,7,,
0.739100100000000,\n,,
0.740077212000000,4,,
0.740087644000000,7,,
0.740098084000000,\n,,
0.741080112000000,4,,
0.741090540000000,7,,
0.741100976000000,\n,,
0.742081324000000,4,,
0.742091748000000,8,,
0.742102188000000,\n,,
0.743079016000000,4,,
0.743089448000000,7,,
0.743099888000000,\n,,
0.744085092000000,4,,
0.744095520000000,7,,
0.744105964000000,\n,,
0.745088740000000,4,,
0.745099168000000,7,,
0.745109608000000,\n,,
0.746087048000000,4,,
0.746097484000000,7,,
0.746107924000000,\n,,
0.747087696000000,4,,
0.747098124000000,8,,
0.747108568000000,\n,,
0.748088372000000,4,,
0.748098800000000,7,,
0.748109236000000,\n,,
0.749080440000000,4,,
0.749090868000000,7,,
0.749101308000000,\n,,
0.750077532000000,4,,
0.750087956000000,7,,
0.750098396000000,\n,,
0.751082204000000,4,,
0.751092628000000,7,,
0.751103072000000,\n,,
0.752080392000000,4,,
0.752090824000000,7,,
0.752101268000000,\n,,
0.753085440000000,4,,
0.753095872000000,8,,
0.753106312000000,\n,,
0.754086192000000,4,,
0.754096628000000,7,,
0.754107072000000,\n,,
0.755076972000000,4,,
0.755087404000000,7,,
0.755097844000000,\n,,
0.756077952000000,4,,
0.756088376000000,7,,
0.756098820000000,\n,,
0.757077444000000,4,,
0.757087868000000,7,,
0.757098308000000,\n,,
0.758077640000000,4,,
0.758088068000000,7,,
0.758098508000000,\n,,
0.759080208000000,4,,
0.759090640000000,7,,
0.759101084000000,\n,,
0.760080336000000,4,,
0.760090764000000,8,,
0.760101200000000,\n,,
0.761078580000000,4,,
0.761089012000000,7,,
0.761099456000000,\n,,
0.762077700000000,4,,
0.762088124000000,7,,
0.762098564000000,\n,,
0.763078196000000,4,,
0.763088624000000,7,,
0.763099064000000,\n,,
0.764078720000000,4,,
0.764089152000000,7,,
0.764099588000000,\n,,
0.765078468000000,4,,
0.765088896000000,7,,
0.765099340000000,\n,,
0.766080328000000,4,,
0.766090752000000,7,,
0.766101192000000,\n,,
0.767080244000000,4,,
0.767090676000000,7,,
0.767101120000000,\n,,
0.768079800000000,4,,
0.768090232000000,8,,
0.768100676000000,\n,,
0.769077672000000,4,,
0.769088104000000,7,,
0.769098540000000,\n,,
0.770075420000000,4,,
0.770085848000000,7,,
0.770096288000000,\n,,
0.771077568000000,4,,
0.771087996000000,7,,
0.771098440000000,\n,,
0.772078240000000,4,,
0.772088664000000,7,,
0.772099108000000,\n,,
0.773081724000000,4,,
0.773092156000000,7,,
0.773102600000000,\n,,
0.774080644000000,4,,
0.774091072000000,7,,
0.774101512000000,\n,,
0.775079980000000,4,,
0.775090404000000,8,,
0.775100840000000,\n,,
0.776079332000000,4,,
0.776089760000000,7,,
0.776100204000000,\n,,
0.777078224000000,4,,
0.777088652000000,7,,
0.777099092000000,\n,,
0.778087360000000,4,,
0.778097788000000,7,,
0.778108224000000,\n,,
0.779088764000000,4,,
0.779099188000000,8,,
0.779109624000000,\n,,
0.780081188000000,4,,
0.780091620000000,6,,
0.780102064000000,\n,,
0.781080592000000,4,,
0.781091024000000,7,,
0.781101468000000,\n,,
0.782081084000000,4,,
0.782091508000000,8,,
0.782101944000000,\n,,
0.783078416000000,4,,
0.783088848000000,7,,
0.783099280000000,\n,,
0.784077408000000,4,,
0.784087840000000,7,,
0.784098280000000,\n,,
0.785079268000000,4,,
0.785089692000000,7,,
0.785100128000000,\n,,
0.786076560000000,4,,
0.786086988000000,7,,
0.786097428000000,\n,,
0.787081444000000,4,,
0.787091876000000,7,,
0.787102312000000,\n,,
