Time [s],Channel 1
-10.185952544,0
-0.000994848,1
-0.000000000,0
0.001004728,1
0.002004782,0
0.003004908,1
0.004004712,0
0.005004776,1
0.006004704,0
0.007004892,1
0.008004716,0
0.009004718,1
0.010004750,0
0.011004916,1
0.012004680,0
0.013004680,1
0.014005422,0
0.015004922,1
0.016004768,0
0.017004768,1
0.018004782,0
0.019004948,1
0.020004772,0
0.021004732,1
0.022004806,0
0.023004974,1
0.024004756,0
0.025004758,1
0.026004874,0
0.027005020,1
0.028004846,0
0.029004866,1
0.030004858,0
0.031005024,1
0.032004974,0
0.033004932,1
0.034004884,0
0.035000696,1
0.036014584,0
0.037004958,1
0.038005012,0
0.039005200,1
0.040005006,0
0.041004838,1
0.042004934,0
0.043014080,1
0.044004946,0
0.045006260,1
0.046005252,0
0.047005210,1
0.048005014,0
0.049004952,1
0.050004986,0
0.051005320,1
0.052005040,0
0.053004978,1
0.054005094,0
0.055005198,1
0.056012774,0
0.057005064,1
0.058005036,0
0.059005246,1
0.060005070,0
0.061005362,1
0.062005354,0
0.063005270,1
0.064011096,0
0.065005096,1
0.066005964,0
0.067005504,1
0.068005142,0
0.069016226,1
0.070008092,0
0.071005426,1
0.072005126,0
0.073005084,1
0.074005952,0
0.075006452,1
0.076005694,0
0.077005194,1
0.078005248,0
0.079005582,1
0.080005156,0
0.081005136,1
0.082005232,0
0.083005482,1
0.084005202,0
0.085005202,1
0.086005152,0
0.087005506,1
0.088005208,0
0.089005332,1
0.090023178,0
0.091005700,1
0.092005358,0
0.093005504,1
0.094004038,0
0.095005642,1
0.096005404,0
0.097005384,1
0.098005418,0
0.099005604,1
0.100006138,0
0.101006138,1
0.102001214,0
0.103005880,1
0.104005976,0
0.105006226,1
0.106005968,0
0.107005988,1
0.108005876,0
0.109005376,1
0.110005412,0
0.111005932,1
0.112005444,0
0.113005466,1
0.114005998,0
0.115006082,1
0.116005928,0
0.117006136,1
0.118001900,0
0.119006566,1
0.120006016,0
0.121005994,1
0.122005446,0
0.123005800,1
0.124005500,0
0.125006332,1
0.126006368,0
0.127005742,1
0.128005630,0
0.129005650,1
0.130005622,0
0.131008224,1
0.132005740,0
0.133006404,1
0.134006084,0
0.135005772,1
0.136006098,0
0.137006098,1
0.138006194,0
0.139005754,1
0.140005582,0
0.141005602,1
0.142002990,0
0.143009178,1
0.144005710,0
0.145006668,1
0.146005620,0
0.147005890,1
0.148006486,0
0.149011862,1
0.150005644,0
0.151006374,1
0.152005574,0
0.153006220,1
0.154006192,0
0.155006900,1
0.156005662,0
0.157005662,1
0.158007924,0
0.159006196,1
0.160005770,0
0.161005730,1
0.162005826,0
0.163005930,1
0.164005964,0
0.165006402,1
0.166006436,0
0.167006352,1
0.168006384,0
0.169006198,1
0.170006482,0
0.171006336,1
0.172027744,0
0.173005890,1
0.174005902,0
0.175007172,1
0.176005978,0
0.177006020,1
0.178006012,0
0.179006470,1
0.180007004,0
0.181006400,1
0.182006078,0
0.183006100,1
0.184006654,0
0.185005884,1
0.186005896,0
0.187006104,1
0.188005950,0
0.189005846,1
0.190005962,0
0.191007046,1
0.192006018,0
0.193008600,1
0.194006072,0
0.195007258,1
0.196006064,0
0.197006042,1
0.198006078,0
0.199007286,1
0.200006486,0
0.201006444,1
0.202006146,0
0.203007060,1
0.204006512,0
0.205006908,1
0.206004440,0
0.207006462,1
0.208011412,0
0.209006038,1
0.210006174,0
0.211006528,1
0.212006458,0
0.213006166,1
0.214006366,0
0.215005680,1
0.216007150,0
0.217006858,1
0.218006642,0
0.219007080,1
0.220006614,0
0.221006760,1
0.222006146,0
0.223006710,1
0.224006556,0
0.225006286,1
0.226007110,0
0.227006674,1
0.228006540,0
0.229006248,1
0.230006324,0
0.231006720,1
0.232006232,0
0.233006524,1
0.234006850,0
0.235006412,1
0.236006758,0
0.237006758,1
0.238006790,0
0.239007520,1
0.240005722,0
0.241005616,1
0.242006400,0
0.243010484,1
0.244006474,0
0.245006454,1
0.246006488,0
0.247006968,1
0.248006770,0
0.249007168,1
0.250005722,0
0.251008972,1
0.252006818,0
0.253007214,1
0.254008684,0
0.255010476,1
0.256007240,0
0.257007240,1
0.258006378,0
0.259007752,1
0.260007370,0
0.261007452,1
0.262007360,0
0.263009070,1
0.264006896,0
0.265007228,1
0.266005824,0
0.267006596,1
0.268006942,0
0.269006858,1
0.270006976,0
0.271006954,1
0.272007030,0
0.273007216,1
0.274007126,0
0.275007668,1
0.276006596,0
0.277007368,1
0.278006818,0
0.279009212,1
0.280007560,0
0.281005892,1
0.282006634,0
0.283007780,1
0.284005940,0
0.285006648,1
0.286007514,0
0.287007160,1
0.288007090,0
0.289007132,1
0.290007228,0
0.291007060,1
0.292006554,0
0.293006740,1
0.294007044,0
0.295007878,1
0.296006600,0
0.297007140,1
0.298008738,0
0.299007196,1
0.300007084,0
0.301007166,1
0.302007304,0
0.303007180,1
0.304007254,0
0.305007150,1
0.306007162,0
0.307005498,1
0.308007614,0
0.309007196,1
0.310007418,0
0.311007084,1
0.312006702,0
0.313007452,1
0.314007360,0
0.315007298,1
0.316007290,0
0.317007664,1
0.318006220,0
0.319009490,1
0.320007732,0
0.321007670,1
0.322007682,0
0.323007286,1
0.324007132,0
0.325006194,1
0.326007312,0
0.327008124,1
0.328007720,0
0.329007658,1
0.330007754,0
0.331008108,1
0.332006226,0
0.333007726,1
0.334007780,0
0.335007342,1
0.336007354,0
0.337006876,1
0.338008762,0
0.339009576,1
0.340007006,0
0.341007776,1
0.342007914,0
0.343008768,1
0.344007990,0
0.345006282,1
0.346014628,0
0.347006524,1
0.348007536,0
0.349007808,1
0.350007882,0
0.351006548,1
0.352007562,0
0.353007560,1
0.354007490,0
0.355009742,1
0.356007920,0
0.357007484,1
0.358012016,0
0.359008100,1
0.360007904,0
0.361006404,1
0.362007938,0
0.363009772,1
0.364007972,0
0.365006430,1
0.366007672,0
0.367007546,1
0.368007622,0
0.369009058,1
0.370007696,0
0.371007738,1
0.372007940,0
0.373007730,1
0.374009618,0
0.375003222,1
0.376007694,0
0.377007902,1
0.378007728,0
0.379007664,1
0.380007678,0
0.381009554,1
0.382007690,0
0.383007774,1
0.384008578,0
0.385007266,1
0.386007882,0
0.387007714,1
0.388007210,0
0.389007708,1
0.390007742,0
0.391007740,1
0.392008108,0
0.393007380,1
0.394007808,0
0.395008476,1
0.396007384,0
0.397008176,1
0.398009772,0
0.399008542,1
0.400008326,0
0.401008202,1
0.402007818,0
0.403010172,1
0.404007790,0
0.405008976,1
0.406007844,0
0.407008636,1
0.408008212,0
0.409007836,1
0.410008266,0
0.411006954,1
0.412008236,0
0.413008236,1
0.414008312,0
0.415007000,1
0.416007866,0
0.417007596,1
0.418011588,0
0.419010150,1
0.420007518,0
0.421007934,1
0.422008384,0
0.423007030,1
0.424007960,0
0.425008334,1
0.426008368,0
0.427008744,1
0.428008380,0
0.429006860,1
0.430008768,0
0.431007996,1
0.432008010,0
0.433007990,1
0.434008002,0
0.435007752,1
0.436007702,0
0.437007536,1
0.438007798,0
0.439008006,1
0.440007748,0
0.441007604,1
0.442007658,0
0.443011844,1
0.444008170,0
0.445007900,1
0.446006558,0
0.447008142,1
0.448008134,0
0.449008278,1
0.450008250,0
0.451008126,1
0.452007596,0
0.453007742,1
0.454008066,0
0.455008984,1
0.456008684,0
0.457008538,1
0.458008114,0
0.459010322,1
0.460008626,0
0.461008544,1
0.462007744,0
0.463010390,1
0.464008590,0
0.465007068,1
0.466008164,0
0.467008226,1
0.468008616,0
0.469008198,1
0.470008252,0
0.471008440,1
0.472008682,0
0.473008640,1
0.474008258,0
0.475009070,1
0.476008666,0
0.477007854,1
0.478008678,0
0.479009116,1
0.480009296,0
0.481008358,1
0.482008726,0
0.483007392,1
0.484007968,0
0.485007946,1
0.486006438,0
0.487010646,1
0.488008408,0
0.489008826,1
0.490008860,0
0.491009234,1
0.492008830,0
0.493009644,1
0.494007406,0
0.495010636,1
0.496008064,0
0.497008918,1
0.498008472,0
0.499009266,1
0.500008902,0
0.501008716,1
0.502008582,0
0.503010750,1
0.504008428,0
0.505007344,1
0.506008482,0
0.507009108,1
0.508008870,0
0.509010704,1
0.510008946,0
0.511007612,1
0.512008896,0
0.513008500,1
0.514008908,0
0.515009346,1
0.516008088,0
0.517008150,1
0.518011580,0
0.519010788,1
0.520010530,0
0.521008550,1
0.522008542,0
0.523009168,1
0.524008556,0
0.525008972,1
0.526009048,0
0.527010902,1
0.528003892,0
0.529009020,1
0.530008594,0
0.531010864,1
0.532008274,0
0.533008960,1
0.534010682,0
0.535008746,1
0.536009092,0
0.537008654,1
0.538008666,0
0.539008916,1
0.540007576,0
0.541008678,1
0.542008338,0
0.543011276,1
0.544007704,0
0.545009204,1
0.546008384,0
0.547009550,1
0.548008730,0
0.549009148,1
0.550009158,0
0.551010952,1
0.552008756,0
0.553009130,1
0.554008768,0
0.555009518,1
0.556009178,0
0.557008782,1
0.558008878,0
0.559008918,1
0.560008848,0
0.561008848,1
0.562008944,0
0.563008966,1
0.564008332,0
0.565008936,1
0.566009096,0
0.567008782,1
0.568008920,0
0.569008942,1
0.570008912,0
0.571008892,1
0.572008862,0
0.573009008,1
0.574009022,0
0.575009062,1
0.576008992,0
0.577009222,1
0.578010442,0
0.579009004,1
0.580009204,0
0.581008996,1
0.582008822,0
0.583009072,1
0.584009086,0
0.585008440,1
0.586008994,0
0.587008994,1
0.588009006,0
0.589009028,1
0.590009080,0
0.591009124,1
0.592009220,0
0.593009720,1
0.594009148,0
0.595009128,1
0.596006140,0
0.597009058,1
0.598009154,0
0.599009300,1
0.600009104,0
0.601009124,1
0.602009242,0
0.603009178,1
0.604009316,0
0.605009504,1
0.606009412,0
0.607009204,1
0.608009154,0
0.609009300,1
0.610009188,0
0.611009292,1
0.612008638,0
0.613009160,1
0.614009048,0
0.615009338,1
0.616009246,0
0.617009498,1
0.618009280,0
0.619009386,1
0.620009272,0
0.621009314,1
0.622009328,0
0.623009410,1
0.624009172,0
0.625009216,1
0.626009270,0
0.627009040,1
0.628009470,0
0.629009366,1
0.630009338,0
0.631009316,1
0.632008766,0
0.633008786,1
0.634009654,0
0.635008988,1
0.636009376,0
0.637009250,1
0.638009388,0
0.639009806,1
0.640009504,0
0.641009360,1
0.642009392,0
0.643011018,1
0.644009760,0
0.645009302,1
0.646009002,0
0.647008460,1
0.648009368,0
0.649009806,1
0.650008298,0
0.651011590,1
0.652009436,0
0.653009790,1
0.654009822,0
0.655011636,1
0.656010004,0
0.657009836,1
0.658009828,0
0.659009994,1
0.660009070,0
0.661012134,1
0.662009916,0
0.663010332,1
0.664008388,0
0.665009450,1
0.666009462,0
0.667009318,1
0.668009476,0
0.669009538,1
0.670009656,0
0.671009592,1
0.672009480,0
0.673009542,1
0.674009744,0
0.675009596,1
0.676009612,0
0.677009818,1
0.678009560,0
0.679009686,1
0.680009698,0
0.681009698,1
0.682009710,0
0.683009648,1
0.684010348,0
0.685007558,1
0.686009738,0
0.687009694,1
0.688009688,0
0.689009770,1
0.690009742,0
0.691009700,1
0.692004962,0
0.693010732,1
0.694009808,0
0.695009704,1
0.696009156,0
0.697009696,1
0.698011376,0
0.699009710,1
0.700009826,0
0.701009804,1
0.702009756,0
0.703009776,1
0.704009748,0
0.705009726,1
0.706009864,0
0.707012886,1
0.708007878,0
0.709010148,1
0.710010244,0
0.711008890,1
0.712009298,0
0.713009904,1
0.714009958,0
0.715009894,1
0.716011470,0
0.717009302,1
0.718010128,0
0.719009920,1
0.720009974,0
0.721009808,1
0.722009820,0
0.723010008,1
0.724011208,0
0.725009958,1
0.726009846,0
0.727010680,1
0.728009900,0
0.729009900,1
0.730011580,0
0.731010060,1
0.732009988,0
0.733010092,1
0.734010084,0
0.735009814,1
0.736009598,0
0.737009472,1
0.738010882,0
0.739009840,1
0.740019248,0
0.741009476,1
0.742009552,0
0.743010636,1
0.744010002,0
0.745010022,1
0.746007994,0
0.747010098,1
0.748011924,0
0.749010008,1
0.750010020,0
0.751011998,1
0.752009532,0
0.753009700,1
0.754009858,0
0.755011024,1
0.756010746,0
0.757010558,1
0.758010612,0
0.759012322,1
0.760010584,0
0.761010126,1
0.762009846,0
0.763010930,1
0.764010900,0
0.765010444,1
0.766010122,0
0.767010206,1
0.768010634,0
0.769010156,1
0.770010626,0
0.771010398,1
0.772008264,0
0.773010578,1
0.774010674,0
0.775009298,1
0.776010186,0
0.777009832,1
0.778009198,0
0.779012386,1
0.780010212,0
0.781010628,1
0.782009142,0
0.783010870,1
0.784010258,0
0.785009882,1
0.786011584,0
0.787012520,1
0.788010636,0
0.789010262,1
0.790009212,0
0.791010484,1
0.792010330,0
0.793011122,1
0.794009322,0
0.795012572,1
0.796009916,0
0.797010896,1
0.798010348,0
0.799011180,1
0.800010756,0
0.801009234,1
0.802010914,0
0.803012644,1
0.804010220,0
0.805010384,1
0.806010814,0
0.807005690,1
0.808010412,0
0.809010806,1
0.810010424,0
0.811012674,1
0.812010852,0
0.813009312,1
0.814010448,0
0.815011240,1
0.816012836,0
0.817010046,1
0.818010870,0
0.819013392,1
0.820010966,0
0.821010884,1
0.822011000,0
0.823009604,1
0.824010992,0
0.825010492,1
0.826011068,0
0.827012754,1
0.828010518,0
0.829009412,1
0.830010572,0
0.831011384,1
0.832009460,0
0.833010918,1
0.834010598,0
0.835010598,1
0.836010090,0
0.837010610,1
0.838010770,0
0.839010684,1
0.840010636,0
0.841010720,1
0.842010148,0
0.843011420,1
0.844010744,0
0.845011078,1
0.846010986,0
0.847010696,1
0.848010812,0
0.849010770,1
0.850010762,0
0.851010866,1
0.852005982,0
0.853010692,1
0.854011122,0
0.855013016,1
0.856011134,0
0.857010738,1
0.858009730,0
0.859011502,1
0.860011222,0
0.861011222,1
0.862009672,0
0.863013026,1
0.864010830,0
0.865011164,1
0.866009698,0
0.867010634,1
0.868011316,0
0.869010796,1
0.870011286,0
0.871011014,1
0.872011300,0
0.873010798,1
0.874011352,0
0.875011580,1
0.876011282,0
0.877011240,1
0.878009858,0
0.879011044,1
0.880009788,0
0.881010850,1
0.882010550,0
0.883011674,1
0.884011458,0
0.885010584,1
0.886011450,0
0.887011138,1
0.888013692,0
0.889009818,1
0.890010934,0
0.891011726,1
0.892009842,0
0.893012238,1
0.894011418,0
0.895011752,1
0.896015472,0
0.897011264,1
0.898011360,0
0.899011776,1
0.900010622,0
0.901011040,1
0.902011094,0
0.903011198,1
0.904011086,0
0.905011148,1
0.906011078,0
0.907011682,1
0.908011070,0
0.909011486,1
0.910011104,0
0.911013352,1
0.912011074,0
0.913011450,1
0.914009982,0
0.915011692,1
0.916011120,0
0.917010704,1
0.918011154,0
0.919011362,1
0.920013770,0
0.921011376,1
0.922011678,0
0.923011952,1
0.924011588,0
0.925010066,1
0.926011142,0
0.927011830,1
0.928011238,0
0.929011156,1
0.930011230,0
0.931012042,1
0.932011722,0
0.933011182,1
0.934011652,0
0.935011028,1
0.936011622,0
0.937011518,1
0.938011386,0
0.939013302,1
0.940011254,0
0.941011358,1
0.942011390,0
0.943012224,1
0.944011152,0
0.945011342,1
0.946010770,0
0.947011416,1
0.948011700,0
0.949011346,1
0.950011546,0
0.951011400,1
0.952011474,0
0.953011412,1
0.954011426,0
0.955013426,1
0.956011480,0
0.957011458,1
0.958011450,0
0.959011388,1
0.960011546,0
0.961011694,1
0.962011454,0
0.963011540,1
0.964011322,0
0.965011468,1
0.966011544,0
0.967011314,1
0.968011410,0
0.969011556,1
0.970011444,0
0.971012152,1
0.972011436,0
0.973011498,1
0.974011364,0
0.975011594,1
0.976011482,0
0.977011796,1
0.978012328,0
0.979012224,1
0.980011590,0
0.981011590,1
0.982010958,0
0.983011728,1
0.984011678,0
0.985011012,1
0.986011920,0
0.987011628,1
0.988011642,0
0.989011600,1
0.990010050,0
0.991012238,1
0.992011334,0
0.993013000,1
0.994011972,0
0.995012430,1
0.996011298,0
0.997012026,1
0.998012060,0
0.999012414,1
1.000011676,0
1.001012072,1
1.002011668,0
1.003013898,1
1.004011660,0
1.005011702,1
1.006012090,0
1.007010880,1
1.008012228,0
1.009011790,1
1.010012220,0
1.011012636,1
1.012012232,0
1.013012294,1
1.014011848,0
1.015012558,1
1.016010654,0
1.017011780,1
1.018012250,0
1.019015854,1
1.020012158,0
1.021011764,1
1.022012234,0
1.023010858,1
1.024011788,0
1.025011830,1
1.026012280,0
1.027012572,1
1.028011480,0
1.029012168,1
1.030012242,0
1.031012514,1
1.032011840,0
1.033011860,1
1.034012248,0
1.035011748,1
1.036011574,0
1.037011386,1
1.038011586,0
1.039011772,1
1.040011642,0
1.041011348,1
1.042011404,0
1.043012256,1
1.044011956,0
1.045011790,1
1.046011450,0
1.047011824,1
1.048011670,0
1.049012024,1
1.050013642,0
1.051012038,1
1.052011466,0
1.053012070,1
1.054012020,0
1.055012188,1
1.056009158,0
1.057012430,1
1.058012422,0
1.059012630,1
1.060012538,0
1.061011662,1
1.062012468,0
1.063014260,1
1.064012064,0
1.065012480,1
1.066014346,0
1.067012076,1
1.068012484,0
1.069013152,1
1.070012080,0
1.071014352,1
1.072012720,0
1.073011094,1
1.074012566,0
1.075014316,1
1.076012578,0
1.077011744,1
1.078012632,0
1.079012924,1
1.080011082,0
1.081012644,1
1.082012158,0
1.083012948,1
1.084012608,0
1.085011858,1
1.086012662,0
1.087012392,1
1.088012654,0
1.089012592,1
1.090012666,0
1.091011334,1
1.092012658,0
1.093014116,1
1.094012712,0
1.095013130,1
1.096011892,0
1.097011162,1
1.098012300,0
1.099013050,1
1.100011188,0
1.101012292,1
1.102012326,0
1.103014534,1
1.104012756,0
1.105012422,1
1.106011310,0
1.107007768,1
1.108010426,0
1.109012738,1
1.110012814,0
1.111013210,1
1.112011264,0
1.113012348,1
1.114012880,0
1.115013194,1
1.116011394,0
1.117007770,1
1.118012846,0
1.119014762,1
1.120012442,0
1.121012482,1
1.122012870,0
1.123014744,1
1.124012862,0
1.125012840,1
1.126012874,0
1.127013416,1
1.128012472,0
1.129012908,1
1.130011400,0
1.131014732,1
1.132012518,0
1.133012892,1
1.134011426,0
1.135012364,1
1.136012938,0
1.137012938,1
1.138012576,0
1.139013388,1
1.140015902,0
1.141011588,1
1.142013038,0
1.143013894,1
1.144011490,0
1.145012572,1
1.146012232,0
1.147013440,1
1.148012598,0
1.149013058,1
1.150011528,0
1.151013132,1
1.152012666,0
1.153012646,1
1.154012616,0
1.155014908,1
1.156012274,0
1.157012358,1
1.158013120,0
1.159013474,1
1.160012694,0
1.161013050,1
1.162013124,0
1.163014958,1
1.164013118,0
1.165011596,1
1.166012692,0
1.167008026,1
1.168011640,0
1.169012810,1
1.170012760,0
1.171013384,1
1.172013210,0
1.173013126,1
1.174012828,0
1.175013576,1
1.176013194,0
1.177013194,1
1.178013248,0
1.179013622,1
1.180012824,0
1.181013322,1
1.182011732,0
1.183014982,1
1.184012826,0
1.185012516,1
1.186013360,0
1.187015090,1
1.188008166,0
1.189013250,1
1.190013262,0
1.191013698,1
1.192013440,0
1.193013462,1
1.194011808,0
1.195015078,1
1.196012508,0
1.197013384,1
1.198012938,0
1.199013750,1
1.200011826,0
1.201012886,1
1.202012942,0
1.203013546,1
1.204012642,0
1.205012996,1
1.206015050,0
1.207013594,1
1.208015668,0
1.209013376,1
1.210013014,0
1.211015180,1
1.212013006,0
1.213013506,1
1.214011936,0
1.215015206,1
1.216013074,0
1.217011134,1
1.218013482,0
1.219015296,1
1.220013496,0
1.221013244,1
1.222013506,0
1.223013300,1
1.224013500,0
1.225011998,1
1.226013116,0
1.227013846,1
1.228013108,0
1.229013192,1
1.230013142,0
1.231013912,1
1.232012050,0
1.233013154,1
1.234013772,0
1.235013230,1
1.236013596,0
1.237013160,1
1.238013608,0
1.239013984,1
1.240012100,0
1.241013184,1
1.242013238,0
1.243014948,1
1.244012230,0
1.245013294,1
1.246012888,0
1.247014076,1
1.248015674,0
1.249013256,1
1.250013706,0
1.251014082,1
1.252012906,0
1.253013260,1
1.254014232,0
1.255013878,1
1.256013288,0
1.257013662,1
1.258013736,0
1.259015528,1
1.260013730,0
1.261012208,1
1.262013346,0
1.263014116,1
1.264012566,0
1.265013796,1
1.266013392,0
1.267013434,1
1.268013904,0
1.269013444,1
1.270013502,0
1.271015626,1
1.272013346,0
1.273013408,1
1.274014048,0
1.275013442,1
1.276013830,0
1.277013788,1
1.278013906,0
1.279015698,1
1.280013876,0
1.281013794,1
1.282013472,0
1.283014202,1
1.284013922,0
1.285013068,1
1.286015124,0
1.287013478,1
1.288013220,0
1.289013032,1
1.290013338,0
1.291013356,1
1.292013786,0
1.293014120,1
1.294013614,0
1.295014134,1
1.296008854,0
1.297013686,1
1.298013824,0
1.299013408,1
1.300013276,0
1.301015422,1
1.302015226,0
1.303015850,1
1.304014032,0
1.305013592,1
1.306014166,0
1.307014354,1
1.308014118,0
1.309013910,1
1.310014214,0
1.311014340,1
1.312013288,0
1.313013518,1
1.314013886,0
1.315013760,1
1.316013210,0
1.317013210,1
1.318013722,0
1.319014494,1
1.320013820,0
1.321013756,1
1.322013812,0
1.323014228,1
1.324013720,0
1.325013802,1
1.326013816,0
1.327013690,1
1.328013766,0
1.329013786,1
1.330014236,0
1.331012882,1
1.332014208,0
1.333014208,1
1.334012804,0
1.335013846,1
1.336013630,0
1.337013838,1
1.338013808,0
1.339012892,1
1.340013864,0
1.341014238,1
1.342013854,0
1.343014752,1
1.344014556,0
1.345012764,1
1.346012090,0
1.347014734,1
1.348014352,0
1.349014686,1
1.350013884,0
1.351014636,1
1.352013940,0
1.353013940,1
1.354014036,0
1.355014578,1
1.356013944,0
1.357014320,1
1.358015644,0
1.359014748,1
1.360013992,0
1.361014010,1
1.362014420,0
1.363013108,1
1.364013682,0
1.365014434,1
1.366014404,0
1.367013946,1
1.368014020,0
1.369013980,1
1.370014554,0
1.371014262,1
1.372014568,0
1.373014130,1
1.374014518,0
1.375013162,1
1.376014552,0
1.377014446,1
1.378013792,0
1.379016334,1
1.380014536,0
1.381014494,1
1.382014194,0
1.383014902,1
1.384014540,0
1.385013768,1
1.386014592,0
1.387014364,1
1.388014190,0
1.389014232,1
1.390014222,0
1.391014182,1
1.392013716,0
1.393015402,1
1.394014436,0
1.395014312,1
1.396014824,0
1.397014344,1
1.398014420,0
1.399016108,1
1.400014224,0
1.401014288,1
1.402013778,0
1.403014362,1
1.404014480,0
1.405014312,1
1.406014326,0
1.407014346,1
1.408014358,0
1.409014442,1
1.410014434,0
1.411014350,1
1.412013800,0
1.413014698,1
1.414014376,0
1.415015002,1
1.416014764,0
1.417013930,1
1.418013798,0
1.419014464,1
1.420014456,0
1.421014538,1
1.422014490,0
1.423014552,1
1.424014272,0
1.425014420,1
1.426014474,0
1.427015098,1
1.428014860,0
1.429014382,1
1.430014394,0
1.431015248,1
1.432013344,0
1.433014408,1
1.434014440,0
1.435014398,1
1.436010704,0
1.437014474,1
1.438014944,0
1.439015320,1
1.440014916,0
1.441013396,1
1.442016262,0
1.443015866,1
1.444014130,0
1.445017358,1
1.446014204,0
1.447015350,1
1.448015008,0
1.449014968,1
1.450015042,0
1.451013668,1
1.452014660,0
1.453014596,1
1.454014568,0
1.455016838,1
1.456014996,0
1.457014998,1
1.458015136,0
1.459015344,1
1.460015044,0
1.461015002,1
1.462015118,0
1.463013848,1
1.464014714,0
1.465015152,1
1.466015166,0
1.467014748,1
1.468015240,0
1.469019198,1
1.470015670,0
1.471015482,1
1.472015202,0
1.473015204,1
1.474015216,0
1.475015632,1
1.476012144,0
1.477014812,1
1.478015242,0
1.479015408,1
1.480014838,0
1.481015254,1
1.482015246,0
1.483017058,1
1.484015364,0
1.485014530,1
1.486015292,0
1.487017042,1
1.488015346,0
1.489015264,1
1.490015402,0
1.491015630,1
1.492014164,0
1.493017248,1
1.494015448,0
1.495017114,1
1.496014586,0
1.497015356,1
1.498014952,0
1.499015722,1
1.500013922,0
1.501015006,1
1.502015978,0
1.503015790,1
1.504015824,0
1.505015074,1
1.506015420,0
1.507015606,1
1.508015432,0
1.509017996,1
1.510015048,0
1.511017236,1
1.512014666,0
1.513017020,1
1.514017074,0
1.515015824,1
1.516015504,0
1.517014670,1
1.518015080,0
1.519015830,1
1.520015112,0
1.521015280,1
1.522015542,0
1.523014210,1
1.524015554,0
1.525015096,1
1.526015652,0
1.527015818,1
1.528015434,0
1.529015852,1
1.530015092,0
1.531015842,1
1.532015480,0
1.533015522,1
1.534015514,0
1.535015244,1
1.536015526,0
1.537015130,1
1.538015520,0
1.539015894,1
1.540015574,0
1.541015968,1
1.542014836,0
1.543016794,1
1.544014056,0
1.545015182,1
1.546014862,0
1.547015570,1
1.548015290,0
1.549015166,1
1.550015408,0
1.551015220,1
1.552015336,0
1.553015254,1
1.554015266,0
1.555015266,1
1.556015632,0
1.557014904,1
1.558015272,0
1.559017458,1
1.560015658,0
1.561014158,1
1.562017150,0
1.563016192,1
1.564014206,0
1.565016768,1
1.566015302,0
1.567015342,1
1.568015522,0
1.569015356,1
1.570015348,0
1.571015932,1
1.572015048,0
1.573014236,1
1.574015748,0
1.575016144,1
1.576015760,0
1.577015802,1
1.578015482,0
1.579016232,1
1.580014306,0
1.581015390,1
1.582015840,0
1.583016194,1
1.584014332,0
1.585015080,1
1.586015032,0
1.587015304,1
1.588015108,0
1.589014920,1
1.590015286,0
1.591015328,1
1.592015112,0
1.593016736,1
1.594015584,0
1.595017686,1
1.596014136,0
1.597015888,1
1.598015922,0
1.599016402,1
1.600015496,0
1.601015892,1
1.602015258,0
1.603014424,1
1.604015480,0
1.605014062,1
1.606015554,0
1.607015700,1
1.608015548,0
1.609015566,1
1.610016018,0
1.611017788,1
1.612015614,0
1.613016010,1
1.614014522,0
1.615017376,1
1.616015618,0
1.617015244,1
1.618015652,0
1.619017964,1
1.620016124,0
1.621018998,1
1.622016324,0
1.623017886,1
1.624016128,0
1.625016064,1
1.626016120,0
1.627016454,1
1.628015694,0
1.629015674,1
1.630015728,0
1.631016520,1
1.632015908,0
1.633015762,1
1.634015732,0
1.635015920,1
1.636011058,0
1.637016080,1
1.638016424,0
1.639016634,1
1.640016188,0
1.641016166,1
1.642015804,0
1.643017720,1
1.644014712,0
1.645015796,1
1.646015476,0
1.647018018,1
1.648015822,0
1.649015800,1
1.650016272,0
1.651014960,1
1.652016264,0
1.653015930,1
1.654016360,0
1.655018110,1
1.656014810,0
1.657016622,1
1.658016470,0
1.659016780,1
1.660016336,0
1.661016314,1
1.662014828,0
1.663016516,1
1.664015966,0
1.665016362,1
1.666016394,0
1.667015998,1
1.668015968,0
1.669016470,1
1.670016004,0
1.671016170,1
1.672016412,0
1.673014892,1
1.674020590,0
1.675018258,1
1.676016436,0
1.677016416,1
1.678016074,0
1.679015158,1
1.680016004,0
1.681016464,1
1.682016476,0
1.683016892,1
1.684024716,0
1.685015778,1
1.686015000,0
1.687016938,1
1.688016512,0
1.689016514,1
1.690015026,0
1.691018276,1
1.692015766,0
1.693018018,1
1.694015052,0
1.695017008,1
1.696018668,0
1.697020022,1
1.698016138,0
1.699018410,1
1.700016610,0
1.701016214,1
1.702015830,0
1.703018436,1
1.704016220,0
1.705016178,1
1.706016668,0
1.707018378,1
1.708015202,0
1.709016640,1
1.710016632,0
1.711017070,1
1.712015166,0
1.713016270,1
1.714016282,0
1.715017074,1
1.716012462,0
1.717015880,1
1.718015288,0
1.719016662,1
1.720015176,0
1.721016676,1
1.722016750,0
1.723017082,1
1.724018326,0
1.725015178,1
1.726016380,0
1.727017130,1
1.728016748,0
1.729016372,1
1.730016488,0
1.731016342,1
1.732015896,0
1.733015376,1
1.734016806,0
1.735016388,1
1.736016838,0
1.737016422,1
1.738016414,0
1.739017184,1
1.740016802,0
1.741015322,1
1.742016482,0
1.743018272,1
1.744016848,0
1.745015326,1
1.746011756,0
1.747017256,1
1.748015394,0
1.749016520,1
1.750017074,0
1.751015616,1
1.752020440,0
1.753016524,1
1.754016974,0
1.755018806,1
1.756016986,0
1.757015444,1
1.758016542,0
1.759018728,1
1.760016950,0
1.761016928,1
1.762016586,0
1.763017358,1
1.764011870,0
1.765019330,1
1.766016634,0
1.767024404,1
1.768017000,0
1.769016626,1
1.770017012,0
1.771018826,1
1.772017068,0
1.773017046,1
1.774017080,0
1.775015766,1
1.776017094,0
1.777017030,1
1.778017106,0
1.779018980,1
1.780017224,0
1.781017286,1
1.782019132,0
1.783018922,1
1.784019018,0
1.785016330,1
1.786014344,0
1.787017364,1
1.788017148,0
1.789016752,1
1.790016744,0
1.791017306,1
1.792016756,0
1.793017944,1
1.794017166,0
1.795015894,1
1.796024844,0
1.797017198,1
1.798017274,0
1.799015920,1
1.800016828,0
1.801016786,1
1.802017862,0
1.803018196,1
1.804017208,0
1.805017604,1
1.806017326,0
1.807017658,1
1.808016880,0
1.809017254,1
1.810017310,0
1.811017516,1
1.812016614,0
1.813015780,1
1.814017668,0
1.815017730,1
1.816017326,0
1.817016512,1
1.818016568,0
1.819016900,1
1.820017080,0
1.821016996,1
1.822016988,0
1.823016988,1
1.824017544,0
1.825017294,1
1.826017160,0
1.827016848,1
1.828017068,0
1.829016986,1
1.830016998,0
1.831016998,1
1.832017136,0
1.833017032,1
1.834017524,0
1.835017024,1
1.836017556,0
1.837017056,1
1.838017486,0
1.839019298,1
1.840015958,0
1.841017082,1
1.842016742,0
1.843017658,1
1.844016734,0
1.845020086,1
1.846016892,0
1.847017912,1
1.848019696,0
1.849017132,1
1.850017708,0
1.851017896,1
1.852017180,0
1.853017158,1
1.854017650,0
1.855017900,1
1.856016080,0
1.857017142,1
1.858017656,0
1.859017988,1
1.860014292,0
1.861017710,1
1.862016970,0
1.863017306,1
1.864016838,0
1.865016880,1
1.866016830,0
1.867017248,1
1.868016782,0
1.869016718,1
1.870016730,0
1.871017188,1
1.872016870,0
1.873016786,1
1.874016798,0
1.875017214,1
1.876017540,0
1.877016730,1
1.878016844,0
1.879017240,1
1.880016962,0
1.881016858,1
1.882016848,0
1.883018204,1
1.884017466,0
1.885016862,1
1.886016812,0
1.887017290,1
1.888016908,0
1.889023116,1
1.890017422,0
1.891017482,1
1.892016850,0
1.893017578,1
1.894017092,0
1.895017342,1
1.896017292,0
1.897017042,1
1.898017138,0
1.899017306,1
1.900017756,0
1.901017630,1
1.902017018,0
1.903017498,1
1.904017594,0
1.905020448,1
1.906017816,0
1.907017564,1
1.908017056,0
1.909017118,1
1.910017298,0
1.911017444,1
1.912017268,0
1.913017060,1
1.914017718,0
1.915017636,1
1.916017064,0
1.917017626,1
1.918017640,0
1.919017682,1
1.920017674,0
1.921017696,1
1.922017040,0
1.923017604,1
1.924017532,0
1.925018116,1
1.926018086,0
1.927017566,1
1.928017372,0
1.929017224,1
1.930017342,0
1.931017612,1
1.932019292,0
1.933018812,1
1.934017762,0
1.935017638,1
1.936017798,0
1.937017796,1
1.938017810,0
1.939018434,1
1.940017446,0
1.941017634,1
1.942018272,0
1.943017896,1
1.944017432,0
1.945017244,1
1.946018568,0
1.947017630,1
1.948017852,0
1.949018038,1
1.950017844,0
1.951017906,1
1.952025292,0
1.953017876,1
1.954017786,0
1.955017890,1
1.956017508,0
1.957017610,1
1.958017478,0
1.959018622,1
1.960017532,0
1.961017636,1
1.962017544,0
1.963017732,1
1.964017390,0
1.965017848,1
1.966017988,0
1.967018508,1
1.968017792,0
1.969019812,1
1.970018096,0
1.971017948,1
1.972017442,0
1.973017754,1
1.974017850,0
1.975018746,1
1.976017946,0
1.977017466,1
1.978017458,0
1.979017854,1
1.980017534,0
1.981018116,1
1.982017546,0
1.983018046,1
1.984018080,0
1.985017498,1
1.986019884,0
1.987017988,1
1.988019250,0
1.989017688,1
1.990017910,0
1.991018096,1
1.992016048,0
1.993019276,1
1.994017768,0
1.995017788,1
1.996018448,0
1.997017594,1
1.998018148,0
1.999018230,1
2.000018160,0
2.001018244,1
2.002017528,0
2.003018110,1
2.004018208,0
2.005018166,1
2.006017804,0
2.007017886,1
2.008018524,0
2.009018274,1
2.010017828,0
2.011018226,1
2.012018070,0
2.013017798,1
2.014017854,0
2.015019020,1
2.016018680,0
2.017017116,1
2.018018234,0
2.019020420,1
2.020018746,0
2.021018226,1
2.022017758,0
2.023018156,1
2.024017938,0
2.025018710,1
2.026018326,0
2.027018242,1
2.028018006,0
2.029017776,1
2.030017998,0
2.031019080,1
2.032017906,0
2.033017906,1
2.034018544,0
2.035018294,1
2.036018576,0
2.037018494,1
2.038018486,0
2.039022214,1
2.040018290,0
2.041019102,1
2.042018886,0
2.043020136,1
2.044017878,0
2.045017982,1
2.046020224,0
2.047018454,1
2.048017946,0
2.049018590,1
2.050018498,0
2.051018500,1
2.052017992,0
2.053018574,1
2.054018504,0
2.055018524,1
2.056018120,0
2.057018246,1
2.058018404,0
2.059019320,1
2.060018104,0
2.061018166,1
2.062018264,0
2.063018430,1
2.064017942,0
2.065018568,1
2.066018662,0
2.067019058,1
2.068018052,0
2.069018636,1
2.070018710,0
2.071019314,1
2.072018014,0
2.073018182,1
2.074018422,0
2.075019442,1
2.076019018,0
2.077018268,1
2.078018406,0
2.079018592,1
2.080018272,0
2.081018626,1
2.082018160,0
2.083018724,1
2.084018654,0
2.085018132,1
2.086018956,0
2.087018770,1
2.088018762,0
2.089018720,1
2.090018858,0
2.091018712,1
2.092018266,0
2.093018308,1
2.094018632,0
2.095018820,1
2.096018354,0
2.097018210,1
2.098018782,0
2.099018826,1
2.100019024,0
2.101018900,1
2.102018370,0
2.103018786,1
2.104018800,0
2.105018884,1
2.106018438,0
2.107018770,1
2.108019178,0
2.109018846,1
2.110018526,0
2.111018880,1
2.112018642,0
2.113021558,1
2.114018654,0
2.115018904,1
2.116018480,0
2.117019042,1
2.118018868,0
2.119018868,1
2.120018922,0
2.121019090,1
2.122018372,0
2.123018936,1
2.124018718,0
2.125019532,1
2.126018938,0
2.127019044,1
2.128018558,0
2.129018786,1
2.130018442,0
2.131019716,1
2.132018666,0
2.133019040,1
2.134019094,0
2.135018698,1
2.136018546,0
2.137018524,1
2.138018494,0
2.139018932,1
2.140018528,0
2.141019362,1
2.142018604,0
2.143019666,1
2.144018740,0
2.145018534,1
2.146018504,0
2.147018942,1
2.148019724,0
2.149019142,1
2.150019114,0
2.151019154,1
2.152018542,0
2.153019126,1
2.154019200,0
2.155019824,1
2.156018712,0
2.157018776,1
2.158019496,0
2.159019204,1
2.160018802,0
2.161018822,1
2.162018960,0
2.163019168,1
2.164030640,0
2.165020640,1
2.166022068,0
2.167019068,1
2.168019498,0
2.169019290,1
2.170019220,0
2.171019280,1
2.172018710,0
2.173018856,1
2.174019036,0
2.175020392,1
2.176019632,0
2.177018882,1
2.178019040,0
2.179018896,1
2.180014574,0
2.181019136,1
2.182024712,0
2.183019418,1
2.184019516,0
2.185018808,1
2.186018946,0
2.187019342,1
2.188019458,0
2.189018832,1
2.190019014,0
2.191019282,1
2.192019756,0
2.193019630,1
2.194018976,0
2.195019414,1
2.196018946,0
2.197019926,1
2.198020208,0
2.199019438,1
2.200019514,0
2.201021306,1
2.202014714,0
2.203019484,1
2.204019498,0
2.205019580,1
2.206019136,0
2.207019386,1
2.208019794,0
2.209019544,1
2.210018930,0
2.211019432,1
2.212019132,0
2.213018964,1
2.214020498,0
2.215019622,1
2.216022240,0
2.217019824,1
2.218019586,0
2.219019670,1
2.220019558,0
2.221018286,1
2.222019050,0
2.223019342,1
2.224019354,0
2.225020082,1
2.226019970,0
2.227019554,1
2.228019380,0
2.229019086,1
2.230019350,0
2.231019682,1
2.232019134,0
2.233019570,1
2.234021272,0
2.235023188,1
2.236019950,0
2.237019700,1
2.238019900,0
2.239019568,1
2.240019328,0
2.241019162,1
2.242015052,0
2.243020550,1
2.244019334,0
2.245019188,1
2.246019202,0
2.247019576,1
2.248019692,0
2.249019756,1
2.250021372,0
2.251019746,1
2.252019238,0
2.253019904,1
2.254019836,0
2.255019836,1
2.256019514,0
2.257019266,1
2.258019444,0
2.259020276,1
2.260019456,0
2.261019394,1
2.262019636,0
2.263018344,1
2.264015106,0
2.265020084,1
2.266020036,0
2.267019828,1
2.268019860,0
2.269019820,1
2.270019958,0
2.271019978,1
2.272019304,0
2.273019324,1
2.274020296,0
2.275020608,1
2.276020266,0
2.277019496,1
2.278019612,0
2.279019904,1
2.280019458,0
2.281020000,1
2.282019472,0
2.283020012,1
2.284019984,0
2.285019484,1
2.286020288,0
2.287019934,1
2.288020010,0
2.289019426,1
2.290019646,0
2.291019980,1
2.292020348,0
2.293020346,1
2.294020840,0
2.295019964,1
2.296018706,0
2.297019518,1
2.298020050,0
2.299020094,1
2.300020106,0
2.301020190,1
2.302019452,0
2.303020140,1
2.304020048,0
2.305023110,1
2.306019810,0
2.307020060,1
2.308020470,0
2.309020198,1
2.310019754,0
2.311020232,1
2.312019766,0
2.313029370,1
2.314019674,0
2.315020196,1
2.316020270,0
2.317020416,1
2.318020304,0
2.319020242,1
2.320020192,0
2.321020274,1
2.322019682,0
2.323020224,1
2.324021634,0
2.325020632,1
2.326020230,0
2.327020270,1
2.328019846,0
2.329019970,1
2.330019880,0
2.331020318,1
2.332019872,0
2.333019288,1
2.334020760,0
2.335020280,1
2.336020564,0
2.337020396,1
2.338020536,0
2.339020222,1
2.340020088,0
2.341019944,1
2.342020852,0
2.343023288,1
2.344019738,0
2.345019988,1
2.346019814,0
2.347020314,1
2.348020452,0
2.349020348,1
2.350020402,0
2.351020444,1
2.352026062,0
2.353020664,1
2.354020448,0
2.355020490,1
2.356019814,0
2.357019878,1
2.358015806,0
2.359020474,1
2.360020112,0
2.361020028,1
2.362020332,0
2.363020478,1
2.364020282,0
2.365020450,1
2.366021086,0
2.367020442,1
2.368020474,0
2.369020578,1
2.370020654,0
2.371020570,1
2.372020104,0
2.373020250,1
2.374021554,0
2.375021388,1
2.376020504,0
2.377020192,1
2.378020412,0
2.379020474,1
2.380019988,0
2.381020696,1
2.382020500,0
2.383020688,1
2.384020720,0
2.385020200,1
2.386020338,0
2.387020588,1
2.388020102,0
2.389020080,1
2.390020384,0
2.391020634,1
2.392020168,0
2.393020938,1
2.394020140,0
2.395020598,1
2.396020108,0
2.397020172,1
2.398020748,0
2.399020560,1
2.400020178,0
2.401020198,1
2.402021168,0
2.403020750,1
2.404020702,0
2.405020724,1
2.406020236,0
2.407020736,1
2.408021604,0
2.409020852,1
2.410020220,0
2.411020636,1
2.412020524,0
2.413020316,1
2.414020474,0
2.415020808,1
2.416021632,0
2.417020842,1
2.418020958,0
2.419020854,1
2.420020324,0
2.421020990,1
2.422020482,0
2.423020754,1
2.424020516,0
2.425021204,1
2.426020946,0
2.427020780,1
2.428020376,0
2.429020458,1
2.430020388,0
2.431020804,1
2.432020422,0
2.433020964,1
2.434021164,0
2.435020580,1
2.436021280,0
2.437021530,1
2.438023752,0
2.439021688,1
2.440020598,0
2.441020576,1
2.442021464,0
2.443022006,1
2.444020684,0
2.445020476,1
2.446016364,0
2.447020864,1
2.448021002,0
2.449021022,1
2.450021034,0
2.451021036,1
2.452020548,0
2.453021174,1
2.454021186,0
2.455021810,1
2.456020886,0
2.457020822,1
2.458021608,0
2.459023314,1
2.460020702,0
2.461020702,1
2.462020694,0
2.463021028,1
2.464020624,0
2.465030332,1
2.466021636,0
2.467020990,1
2.468022066,0
2.469021192,1
2.470021432,0
2.471021224,1
2.472020696,0
2.473020800,1
2.474026916,0
2.475022042,1
2.476021616,0
2.477020928,1
2.478021088,0
2.479020942,1
2.480020914,0
2.481021350,1
2.482020760,0
2.483021320,1
2.484021480,0
2.485020772,1
2.486021638,0
2.487021284,1
2.488021360,0
2.489020756,1
2.490021018,0
2.491021144,1
2.492021614,0
2.493021572,1
2.494021752,0
2.495020502,1
2.496021722,0
2.497021722,1
2.498021798,0
2.499022214,1
2.500021810,0
2.501023976,1
2.502020948,0
2.503023594,1
2.504021336,0
2.505021378,1
2.506021014,0
2.507020764,1
2.508020278,0
2.509021756,1
2.510021874,0
2.511020498,1
2.512021408,0
2.513021804,1
2.514021858,0
2.515022170,1
2.516021056,0
2.517021036,1
2.518021466,0
2.519023654,1
2.520021438,0
2.521021500,1
2.522021950,0
2.523026138,1
2.524021484,0
2.525021880,1
2.526021892,0
2.527021330,1
2.528020404,0
2.529023966,1
2.530021542,0
2.531022334,1
2.532019618,0
2.533021534,1
2.534021568,0
2.535021630,1
2.536021288,0
2.537021622,1
2.538021634,0
2.539022426,1
2.540022106,0
2.541022084,1
2.542020596,0
2.543023826,1
2.544022130,0
2.545022132,1
2.546022226,0
2.547023936,1
2.548022156,0
2.549023594,1
2.550020648,0
2.551023982,1
2.552021432,0
2.553021680,1
2.554021756,0
2.555021736,1
2.556016998,0
2.557022122,1
2.558020616,0
2.559023948,1
2.560022128,0
2.561021294,1
2.562021766,0
2.563022536,1
2.564021382,0
2.565021986,1
2.566019874,0
2.567022666,1
2.568021782,0
2.569021908,1
2.570021900,0
2.571021838,1
2.572021788,0
2.573021892,1
2.574021924,0
2.575022654,1
2.576022230,0
2.577022292,1
2.578021866,0
2.579021866,1
2.580020774,0
2.581021858,1
2.582030038,0
2.583025184,1
2.584021822,0
2.585021530,1
2.586022292,0
2.587023730,1
2.588021908,0
2.589021908,1
2.590022318,0
2.591022756,1
2.592021602,0
2.593024476,1
2.594022364,0
2.595022760,1
2.596021544,0
2.597021960,1
2.598021972,0
2.599022118,1
2.600022048,0
2.601022026,1
2.602022164,0
2.603022644,1
2.604022114,0
2.605022074,1
2.606022190,0
2.607022086,1
2.608021910,0
2.609022306,1
2.610022152,0
2.611022132,1
2.612021624,0
2.613022124,1
2.614022074,0
2.615022032,1
2.616022586,0
2.617020252,1
2.618020996,0
2.619024370,1
2.620022508,0
2.621022070,1
2.622022604,0
2.623022228,1
2.624022138,0
2.625022242,1
2.626022150,0
2.627022838,1
2.628022184,0
2.629022350,1
2.630023780,0
2.631022280,1
2.632022376,0
2.633022334,1
2.634022242,0
2.635022160,1
2.636021902,0
2.637022214,1
2.638022268,0
2.639022310,1
2.640022258,0
2.641022238,1
2.642022376,0
2.643022834,1
2.644022598,0
2.645022348,1
2.646021736,0
2.647023174,1
2.648022330,0
2.649022456,1
2.650023926,0
2.651022426,1
2.652022336,0
2.653022334,1
2.654022388,0
2.655022368,1
2.656022340,0
2.657022382,1
2.658022436,0
2.659022414,1
2.660021864,0
2.661024010,1
2.662022502,0
2.663022398,1
2.664024266,0
2.665022432,1
2.666022424,0
2.667022112,1
2.668022458,0
2.669022520,1
2.670022554,0
2.671022594,1
2.672022462,0
2.673024066,1
2.674022536,0
2.675022516,1
2.676022632,0
2.677022820,1
2.678025438,0
2.679022562,1
2.680022596,0
2.681022492,1
2.682022046,0
2.683022524,1
2.684022600,0
2.685022038,1
2.686022174,0
2.687022654,1
2.688022168,0
2.689022188,1
2.690022242,0
2.691022618,1
2.692022236,0
2.693024566,1
2.694023038,0
2.695017976,1
2.696022324,0
2.697022198,1
2.698023168,0
2.699022688,1
2.700022222,0
2.701022286,1
2.702023258,0
2.703023486,1
2.704023082,0
2.705023080,1
2.706023178,0
2.707023532,1
2.708023126,0
2.709023148,1
2.710018932,0
2.711023598,1
2.712023362,0
2.713023110,1
2.714023208,0
2.715023540,1
2.716023158,0
2.717023158,1
2.718023190,0
2.719023628,1
2.720024140,0
2.721024764,1
2.722023174,0
2.723023612,1
2.724022458,0
2.725023270,1
2.726023200,0
2.727022804,1
2.728023316,0
2.729023234,1
2.730023246,0
2.731023642,1
2.732023238,0
2.733023508,1
2.734023314,0
2.735022938,1
2.736023284,0
2.737023326,1
2.738023360,0
2.739023734,1
2.740026308,0
2.741023330,1
2.742023406,0
2.743024092,1
2.744023458,0
2.745023376,1
2.746022596,0
2.747023784,1
2.748023360,0
2.749023400,1
2.750023372,0
2.751023810,1
2.752022718,0
2.753023426,1
2.754023418,0
2.755023794,1
2.756022638,0
2.757022994,1
2.758021924,0
2.759023216,1
2.760023496,0
2.761023372,1
2.762023030,0
2.763023886,1
2.764023440,0
2.765021920,1
2.766023078,0
2.767022910,1
2.768023444,0
2.769023068,1
2.770023102,0
2.771023728,1
2.772023532,0
2.773023512,1
2.774023128,0
2.775023962,1
2.776023662,0
2.777023494,1
2.778023112,0
2.779023238,1
2.780023146,0
2.781023146,1
2.782023200,0
2.783023178,1
2.784023234,0
2.785022690,1
2.786023454,0
2.787023226,1
2.788023424,0
2.789023466,1
2.790023292,0
2.791024000,1
2.792023490,0
2.793023492,1
2.794024880,0
2.795023338,1
2.796021206,0
2.797023622,1
2.798023674,0
2.799022384,1
2.800023000,0
2.801023646,1
2.802022908,0
2.803025638,1
2.804024088,0
2.805023380,1
2.806022310,0
2.807024206,1
2.808023740,0
2.809023802,1
2.810023772,0
2.811024064,1
2.812022244,0
2.813027702,1
2.814023360,0
2.815024194,1
2.816023728,0
2.817022998,1
2.818023844,0
2.819024030,1
2.820023398,0
2.821023398,1
2.822023870,0
2.823025702,1
2.824023966,0
2.825022298,1
2.826028332,0
2.827024248,1
2.828023844,0
2.829023886,1
2.830022378,0
2.831022856,1
2.832023890,0
2.833023828,1
2.834023488,0
2.835023528,1
2.836023728,0
2.837023520,1
2.838023490,0
2.839023554,1
2.840023712,0
2.841023586,1
2.842021640,0
2.843025994,1
2.844024050,0
2.845023968,1
2.846023208,0
2.847024354,1
2.848023576,0
2.849023596,1
2.850024066,0
2.851024400,1
2.852023204,0
2.853026662,1
2.854023612,0
2.855025862,1
2.856026834,0
2.857023270,1
2.858022576,0
2.859024658,1
2.860024068,0
2.861024046,1
2.862022602,0
2.863025914,1
2.864023696,0
2.865024072,1
2.866022606,0
2.867021940,1
2.868024160,0
2.869023702,1
2.870024256,0
2.871025942,1
2.872024330,0
2.873024226,1
2.874024156,0
2.875024656,1
2.876024232,0
2.877024170,1
2.878024410,0
2.879026014,1
2.880023756,0
2.881024194,1
2.882022790,0
2.883026018,1
2.884023552,0
2.885023386,1
2.886025044,0
2.887024648,1
2.888023846,0
2.889024244,1
2.890025548,0
2.891026048,1
2.892023520,0
2.893025686,1
2.894024324,0
2.895024636,1
2.896023608,0
2.897024316,1
2.898022808,0
2.899024704,1
2.900023548,0
2.901024340,1
2.902024582,0
2.903026186,1
2.904027200,0
2.905024448,1
2.906024358,0
2.907023982,1
2.908024246,0
2.909024370,1
2.910024384,0
2.911024800,1
2.912024082,0
2.913024374,1
2.914022930,0
2.915026262,1
2.916024046,0
2.917023692,1
2.918024058,0
2.919024850,1
2.920028884,0
2.921024070,1
2.922024520,0
2.923024876,1
2.924024512,0
2.925022992,1
2.926024546,0
2.927024858,1
2.928024100,0
2.929024538,1
2.930024134,0
2.931024884,1
2.932023896,0
2.933024168,1
2.934024242,0
2.935024242,1
2.936024590,0
2.937024672,1
2.938024164,0
2.939024810,1
2.940023094,0
2.941024176,1
2.942024646,0
2.943025626,1
2.944023826,0
2.945024556,1
2.946023860,0
2.947026422,1
2.948024666,0
2.949024644,1
2.950023134,0
2.951024864,1
2.952023856,0
2.953024252,1
2.954024702,0
2.955026494,1
2.956024694,0
2.957023194,1
2.958024290,0
2.959024978,1
2.960024720,0
2.961024282,1
2.962024044,0
2.963024356,1
2.964024140,0
2.965024118,1
2.966024194,0
2.967024154,1
2.968027290,0
2.969024540,1
2.970024512,0
2.971025200,1
2.972024690,0
2.973024588,1
2.974024474,0
2.975024494,1
2.976024466,0
2.977023904,1
2.978024582,0
2.979025082,1
2.980024472,0
2.981024470,1
2.982024796,0
2.983024442,1
2.984024580,0
2.985024038,1
2.986023966,0
2.987024320,1
2.988024000,0
2.989024022,1
2.990024804,0
2.991024554,1
2.992019818,0
2.993024816,1
2.994024622,0
2.995025602,1
2.996024198,0
2.997023968,1
2.998027480,0
2.999025292,1
3.000024658,0
3.001024660,1
3.002024152,0
3.003024694,1
3.004024600,0
3.005028476,1
3.006024698,0
3.007024634,1
3.008024564,0
3.009024606,1
3.010024952,0
3.011025390,1
3.012024298,0
3.013025026,1
3.014024644,0
3.015025518,1
3.016025198,0
3.017025134,1
3.018025106,0
3.019023774,1
3.020024682,0
3.021025056,1
3.022024466,0
3.023024568,1
3.024025144,0
3.025025144,1
3.026025198,0
3.027025530,1
3.028025170,0
3.029025148,1
3.030024766,0
3.031025682,1
3.032023674,0
3.033024444,1
3.034025144,0
3.035024666,1
3.036024888,0
3.037024866,1
3.038024900,0
3.039024836,1
3.040024912,0
3.041024828,1
3.042024882,0
3.043023842,1
3.044025312,0
3.045024854,1
3.046024510,0
3.047024180,1
3.048025296,0
3.049025296,1
3.050023788,0
3.051025600,1
3.052024904,0
3.053024904,1
3.054024918,0
3.055027230,1
3.056025096,0
3.057025430,1
3.058025442,0
3.059027712,1
3.060024662,0
3.061023934,1
3.062025050,0
3.063027196,1
3.064025376,0
3.065025502,1
3.066025430,0
3.067025034,1
3.068025110,0
3.069025192,1
3.070025184,0
3.071025080,1
3.072024822,0
3.073025072,1
3.074025210,0
3.075025148,1
3.076025118,0
3.077025346,1
3.078025152,0
3.079025172,1
3.080025060,0
3.081025184,1
3.082025136,0
3.083025176,1
3.084025126,0
3.085024564,1
3.086025660,0
3.087027370,1
3.088025548,0
3.089025548,1
3.090024082,0
3.091027394,1
3.092023262,0
3.093025448,1
3.094024106,0
3.095026128,1
3.096023140,0
3.097025474,1
3.098025404,0
3.099025214,1
3.100025228,0
3.101025228,1
3.102025386,0
3.103025262,1
3.104025254,0
3.105025254,1
3.106025328,0
3.107027454,1
3.108025716,0
3.109025278,1
3.110025730,0
3.111026124,1
3.112024158,0
3.113025262,1
3.114025316,0
3.115026088,1
3.116025704,0
3.117024912,1
3.118025842,0
3.119026112,1
3.120025752,0
3.121025334,1
3.122025784,0
3.123027574,1
3.124020670,0
3.125025378,1
3.126025934,0
3.127026058,1
3.128025988,0
3.129025820,1
3.130025834,0
3.131025584,1
3.132020722,0
3.133027304,1
3.134025588,0
3.135025212,1
3.136025872,0
3.137025454,1
3.138025488,0
3.139026050,1
3.140025106,0
3.141025960,1
3.142025492,0
3.143027722,1
3.144025922,0
3.145024444,1
3.146025206,0
3.147026350,1
3.148025968,0
3.149025968,1
3.150025544,0
3.151026356,1
3.152025536,0
3.153026014,1
3.154025508,0
3.155026318,1
3.156025998,0
3.157025582,1
3.158025594,0
3.159026364,1
3.160025982,0
3.161025960,1
3.162025618,0
3.163026410,1
3.164024528,0
3.165025632,1
3.166025770,0
3.167025498,1
3.168025656,0
3.169026096,1
3.170027712,0
3.171027900,1
3.172025286,0
3.173026058,1
3.174026112,0
3.175024778,1
3.176027730,0
3.177026186,1
3.178026136,0
3.179027970,1
3.180025754,0
3.181026130,1
3.182024746,0
3.183025934,1
3.184025760,0
3.185025404,1
3.186026188,0
3.187028020,1
3.188026200,0
3.189026262,1
3.190024796,0
3.191028006,1
3.192025830,0
3.193024892,1
3.194024716,0
3.195028072,1
3.196025480,0
3.197026230,1
3.198026450,0
3.199028076,1
3.200026254,0
3.201024776,1
3.202026226,0
3.203026330,1
3.204026322,0
3.205025904,1
3.206026334,0
3.207026084,1
3.208025930,0
3.209026284,1
3.210026360,0
3.211028172,1
3.212026330,0
3.213024810,1
3.214026364,0
3.215026718,1
3.216026376,0
3.217025564,1
3.218026160,0
3.219026056,1
3.220025526,0
3.221026068,1
3.222026102,0
3.223026080,1
3.224026052,0
3.225027156,1
3.226027710,0
3.227025982,1
3.228026286,0
3.229026078,1
3.230026112,0
3.231026840,1
3.232026146,0
3.233026186,1
3.234026116,0
3.235025760,1
3.236025544,0
3.237025608,1
3.238025640,0
3.239026098,1
3.240027132,0
3.241025652,1
3.242026540,0
3.243026664,1
3.244026220,0
3.245026200,1
3.246025650,0
3.247026314,1
3.248026016,0
3.249025620,1
3.250025882,0
3.251026758,1
3.252026458,0
3.253028062,1
3.254026324,0
3.255026220,1
3.256028858,0
3.257026190,1
3.258026704,0
3.259029246,1
3.260026716,0
3.261026238,1
3.262025978,0
3.263025354,1
3.264026284,0
3.265026660,1
3.266025192,0
3.267027108,1
3.268025934,0
3.269026286,1
3.270026362,0
3.271027112,1
3.272026668,0
3.273026750,1
3.274025324,0
3.275028576,1
3.276026754,0
3.277026818,1
3.278026914,0
3.279027038,1
3.280028592,0
3.281026780,1
3.282025292,0
3.283028564,1
3.284026430,0
3.285026076,1
3.286026818,0
3.287029484,1
3.288026810,0
3.289026476,1
3.290025344,0
3.291031176,1
3.292026480,0
3.293026690,1
3.294026472,0
3.295027264,1
3.296026152,0
3.297025380,1
3.298026914,0
3.299027310,1
3.300026156,0
3.301026906,1
3.302026502,0
3.303027336,1
3.304026514,0
3.305028182,1
3.306026548,0
3.307033278,1
3.308026540,0
3.309026624,1
3.310026532,0
3.311026532,1
3.312025586,0
3.313026608,1
3.314028476,0
3.315026722,1
3.316026946,0
3.317026300,1
3.318027166,0
3.319027270,1
3.320026638,0
3.321027094,1
3.322024836,0
3.323028232,1
3.324026704,0
3.325026746,1
3.326026696,0
3.327026758,1
3.328026686,0
3.329026770,1
3.330026782,0
3.331026762,1
3.332022066,0
3.333026712,1
3.334026724,0
3.335026600,1
3.336027070,0
3.337026738,1
3.338026854,0
3.339026980,1
3.340026868,0
3.341026908,1
3.342026422,0
3.343026964,1
3.344025706,0
3.345027204,1
3.346026488,0
3.347029072,1
3.348027334,0
3.349027210,1
3.350025742,0
3.351027034,1
3.352026526,0
3.353026818,1
3.354026830,0
3.355029206,1
3.356027364,0
3.357026842,1
3.358025792,0
3.359029126,1
3.360027286,0
3.361027306,1
3.362028484,0
3.363029506,1
3.364026914,0
3.365027330,1
3.366030260,0
3.367026928,1
3.368027378,0
3.369027294,1
3.370027410,0
3.371027160,1
3.372027382,0
3.373029360,1
3.374026998,0
3.375027748,1
3.376027428,0
3.377027010,1
3.378027378,0
3.379026128,1
3.380026640,0
3.381027036,1
3.382027548,0
3.383027820,1
3.384027124,0
3.385026748,1
3.386024594,0
3.387027198,1
3.388027210,0
3.389027128,1
3.390027286,0
3.391027100,1
3.392026944,0
3.393027466,1
3.394027270,0
3.395027874,1
3.396027678,0
3.397027074,1
3.398026024,0
3.399029358,1
3.400027140,0
3.401027516,1
3.402027280,0
3.403029404,1
3.404027146,0
3.405030896,1
3.406026116,0
3.407029408,1
3.408027586,0
3.409027608,1
3.410027642,0
3.411029454,1
3.412027654,0
3.413027612,1
3.414027292,0
3.415027896,1
3.416026160,0
3.417026930,1
3.418027796,0
3.419027442,1
3.420027414,0
3.421027392,1
3.422027426,0
3.423027342,1
3.424027522,0
3.425027418,1
3.426027430,0
3.427027304,1
3.428030776,0
3.429027400,1
3.430027434,0
3.431028120,1
3.432027780,0
3.433027320,1
3.434027938,0
3.435027502,1
3.436026888,0
3.437027346,1
3.438027464,0
3.439027484,1
3.440027456,0
3.441027456,1
3.442027030,0
3.443028114,1
3.444026876,0
3.445027584,1
3.446027846,0
3.447027514,1
3.448030486,0
3.449027570,1
3.450026602,0
3.451027644,1
3.452027032,0
3.453027552,1
3.454027564,0
3.455027586,1
3.456027640,0
3.457027932,1
3.458027506,0
3.459028110,1
3.460027914,0
3.461027540,1
3.462027552,0
3.463028386,1
3.464026460,0
3.465029086,1
3.466027556,0
3.467027454,1
3.468027570,0
3.469027590,1
3.470027644,0
3.471027810,1
3.472027594,0
3.473027990,1
3.474026546,0
3.475028232,1
3.476028098,0
3.477028016,1
3.478028070,0
3.479028508,1
3.480026562,0
3.481027666,1
3.482028200,0
3.483028304,1
3.484026546,0
3.485027316,1
3.486027392,0
3.487029934,1
3.488027716,0
3.489026612,1
3.490027750,0
3.491028562,1
3.492028242,0
3.493026658,1
3.494026670,0
3.495028422,1
3.496027392,0
3.497026662,1
3.498028218,0
3.499029968,1
3.500028418,0
3.501026730,1
3.502028262,0
3.503030012,1
3.504028150,0
3.505028234,1
3.506027830,0
3.507026830,1
3.508027864,0
3.509027864,1
3.510027814,0
3.511027960,1
3.512035284,0
3.513027992,1
3.514027922,0
3.515028754,1
3.516027914,0
3.517027538,1
3.518027988,0
3.519030154,1
3.520027938,0
3.521028334,1
3.522028348,0
3.523030160,1
3.524027568,0
3.525030422,1
3.526028414,0
3.527028768,1
3.528027594,0
3.529027948,1
3.530028420,0
3.531030252,1
3.532028368,0
3.533028390,1
3.534028028,0
3.535027840,1
3.536027478,0
3.537027560,1
3.538027574,0
3.539028010,1
3.540027606,0
3.541027586,1
3.542027556,0
3.543028682,1
3.544030820,0
3.545028528,1
3.546027748,0
3.547030060,1
3.548028302,0
3.549027720,1
3.550027732,0
3.551028106,1
3.552028536,0
3.553028204,1
3.554028278,0
3.555028320,1
3.556028540,0
3.557028248,1
3.558028428,0
3.559028304,1
3.560028524,0
3.561028378,1
3.562028350,0
3.563028870,1
3.564028424,0
3.565028362,1
3.566028458,0
3.567029166,1
3.568028304,0
3.569030198,1
3.570028318,0
3.571028962,1
3.572027974,0
3.573027246,1
3.574028342,0
3.575029132,1
3.576028688,0
3.577028686,1
3.578028660,0
3.579028366,1
3.580028464,0
3.581028316,1
3.582028372,0
3.583028392,1
3.584028384,0
3.585027842,1
3.586028668,0
3.587028458,1
3.588028450,0
3.589028222,1
3.590028380,0
3.591028422,1
3.592028956,0
3.593028644,1
3.594028406,0
3.595028446,1
3.596027918,0
3.597028418,1
3.598028638,0
3.599028492,1
3.600028400,0
3.601028484,1
3.602028560,0
3.603028540,1
3.604036238,0
3.605028532,1
3.606028566,0
3.607028480,1
3.608028492,0
3.609028618,1
3.610028464,0
3.611028588,1
3.612028560,0
3.613028622,1
3.614028718,0
3.615028510,1
3.616029106,0
3.617023836,1
3.618028722,0
3.619028682,1
3.620028882,0
3.621028568,1
3.622028644,0
3.623028686,1
3.624028614,0
3.625030448,1
3.626028796,0
3.627029254,1
3.628028682,0
3.629028660,1
3.630028674,0
3.631028674,1
3.632028520,0
3.633028686,1
3.634027698,0
3.635028510,1
3.636029066,0
3.637028670,1
3.638028370,0
3.639030912,1
3.640027612,0
3.641029486,1
3.642028376,0
3.643030414,1
3.644027596,0
3.645029094,1
3.646028358,0
3.647029670,1
3.648029160,0
3.649028744,1
3.650029216,0
3.651027904,1
3.652028396,0
3.653030250,1
3.654028804,0
3.655031180,1
3.656029338,0
3.657032524,1
3.658027766,0
3.659030016,1
3.660029300,0
3.661029320,1
3.662027750,0
3.663031062,1
3.664029284,0
3.665029304,1
3.666028902,0
3.667028756,1
3.668029308,0
3.669031746,1
3.670029302,0
3.671029592,1
3.672029480,0
3.673027792,1
3.674028972,0
3.675029556,1
3.676029358,0
3.677029296,1
3.678029414,0
3.679028060,1
3.680029342,0
3.681028948,1
3.682029398,0
3.683029898,1
3.684029450,0
3.685028618,1
3.686027984,0
3.687031318,1
3.688029456,0
3.689029434,1
3.690029448,0
3.691028218,1
3.692029420,0
3.693029502,1
3.694029494,0
3.695029848,1
3.696028714,0
3.697029444,1
3.698029476,0
3.699031268,1
3.700028718,0
3.701028072,1
3.702029168,0
3.703031316,1
3.704032368,0
3.705029098,1
3.706028026,0
3.707028986,1
3.708029520,0
3.709029540,1
3.710029594,0
3.711029948,1
3.712029754,0
3.713029168,1
3.714029578,0
3.715029974,1
3.716028090,0
3.717028090,1
3.718029186,0
3.719031520,1
3.720029678,0
3.721029220,1
3.722029648,0
3.723031462,1
3.724029264,0
3.725029640,1
3.726031236,0
3.727029092,1
3.728029770,0
3.729029248,1
3.730029700,0
3.731030116,1
3.732029002,0
3.733030650,1
3.734030556,0
3.735029308,1
3.736029590,0
3.737029404,1
3.738029396,0
3.739029416,1
3.740029324,0
3.741029554,1
3.742029524,0
3.743029942,1
3.744029434,0
3.745029454,1
3.746029030,0
3.747029548,1
3.748029708,0
3.749029458,1
3.750030138,0
3.751029490,1
3.752029504,0
3.753029504,1
3.754029560,0
3.755029538,1
3.756029552,0
3.757029800,1
3.758029522,0
3.759029542,1
3.760029556,0
3.761029512,1
3.762024776,0
3.763029588,1
3.764029768,0
3.765029516,1
3.766029696,0
3.767029364,1
3.768029938,0
3.769029542,1
3.770029950,0
3.771031784,1
3.772029984,0
3.773029922,1
3.774028476,0
3.775031768,1
3.776029968,0
3.777029966,1
3.778029794,0
3.779030418,1
3.780029202,0
3.781029994,1
3.782030090,0
3.783028818,1
3.784029956,0
3.785029226,1
3.786030156,0
3.787031906,1
3.788033524,0
3.789030084,1
3.790030078,0
3.791030472,1
3.792029674,0
3.793033840,1
3.794029332,0
3.795033770,1
3.796029366,0
3.797030094,1
3.798030170,0
3.799031940,1
3.800030120,0
3.801028618,1
3.802029756,0
3.803032006,1
3.804030144,0
3.805029790,1
3.806030220,0
3.807031992,1
3.808031420,0
3.809029794,1
3.810030202,0
3.811030640,1
3.812030362,0
3.813029778,1
3.814030290,0
3.815030686,1
3.816029804,0
3.817025220,1
3.818030274,0
3.819032066,1
3.820030244,0
3.821029828,1
3.822030362,0
3.823032092,1
3.824031750,0
3.825030270,1
3.826030346,0
3.827032242,1
3.828029588,0
3.829030378,1
3.830030036,0
3.831030726,1
3.832028820,0
3.833030112,1
3.834030062,0
3.835029978,1
3.836029576,0
3.837029512,1
3.838029568,0
3.839030046,1
3.840029602,0
3.841029600,1
3.842030488,0
3.843030780,1
3.844030416,0
3.845030542,1
3.846029680,0
3.847030846,1
3.848030442,0
3.849029650,1
3.850029748,0
3.851030038,1
3.852030550,0
3.853030030,1
3.854030544,0
3.855032334,1
3.856031492,0
3.857030492,1
3.858030526,0
3.859030880,1
3.860030706,0
3.861030102,1
3.862030552,0
3.863030884,1
3.864030584,0
3.865030500,1
3.866029056,0
3.867029994,1
3.868030588,0
3.869030548,1
3.870030622,0
3.871030434,1
3.872030592,0
3.873030156,1
3.874030628,0
3.875031044,1
3.876026474,0
3.877030640,1
3.878030548,0
3.879030402,1
3.880031332,0
3.881030332,1
3.882030490,0
3.883030322,1
3.884032126,0
3.885029690,1
3.886030618,0
3.887030306,1
3.888030360,0
3.889030152,1
3.890030374,0
3.891030416,1
3.892030178,0
3.893030572,1
3.894030608,0
3.895030460,1
3.896029932,0
3.897030412,1
3.898030404,0
3.899030464,1
3.900030354,0
3.901030478,1
3.902030512,0
3.903030534,1
3.904030440,0
3.905030690,1
3.906030516,0
3.907030452,1
3.908030818,0
3.909030528,1
3.910030500,0
3.911030562,1
3.912030408,0
3.913030408,1
3.914032252,0
3.915030524,1
3.916030682,0
3.917028538,1
3.918030550,0
3.919030550,1
3.920030646,0
3.921030686,1
3.922030534,0
3.923030596,1
3.924030004,0
3.925030524,1
3.926030662,0
3.927031204,1
3.928030612,0
3.929030592,1
3.930030770,0
3.931032688,1
3.932030638,0
3.933030658,1
3.934030712,0
3.935030546,1
3.936030246,0
3.937030726,1
3.938030654,0
3.939030696,1
3.940030750,0
3.941031042,1
3.942030346,0
3.943032368,1
3.944031128,0
3.945029546,1
3.946030434,0
3.947031476,1
3.948031176,0
3.949029572,1
3.950030688,0
3.951031564,1
3.952030326,0
3.953030700,1
3.954030736,0
3.955033400,1
3.956030852,0
3.957033768,1
3.958032844,0
3.959031550,1
3.960031148,0
3.961030730,1
3.962031202,0
3.963029890,1
3.964031152,0
3.965031194,1
3.966029726,0
3.967030686,1
3.968031218,0
3.969034532,1
3.970030794,0
3.971031480,1
3.972030536,0
3.973031494,1
3.974030882,0
3.975031632,1
3.976031288,0
3.977031248,1
3.978035740,0
3.979033136,1
3.980031316,0
3.981029772,1
3.982030910,0
3.983031722,1
3.984031258,0
3.985030528,1
3.986031352,0
3.987033164,1
3.988031364,0
3.989031344,1
3.990029856,0
3.991033190,1
3.992030682,0
3.993031682,1
3.994029882,0
3.995031756,1
3.996031396,0
3.997029874,1
3.998031470,0
3.999031824,1
4.000029920,0
4.001031378,1
4.002031038,0
4.003032100,1
4.004029924,0
4.005031050,1
4.006031062,0
4.007031874,1
4.008029970,0
4.009031074,1
4.010031504,0
4.011031858,1
4.012031100,0
4.013029224,1
4.014030028,0
4.015033342,1
4.016031562,0
4.017031542,1
4.018031158,0
4.019033346,1
4.020030836,0
4.021031150,1
4.022031684,0
4.023031932,1
4.024030676,0
4.025031258,1
4.026031250,0
4.027031230,1
4.028031180,0
4.029031262,1
4.030031420,0
4.031031316,1
4.032031288,0
4.033031662,1
4.034030092,0
4.035031258,1
4.036031646,0
4.037031272,1
4.038031284,0
4.039032222,1
4.040030192,0
4.041031256,1
4.042031392,0
4.043032204,1
4.044030196,0
4.045031322,1
4.046031000,0
4.047031938,1
4.048035264,0
4.049031284,1
4.050031902,0
4.051031986,1
4.052030976,0
4.053033622,1
4.054032656,0
4.055033612,1
4.056031064,0
4.057031440,1
4.058031534,0
4.059031430,1
4.060033276,0
4.061030900,1
4.062031538,0
4.063031476,1
4.064033302,0
4.065031468,1
4.066031586,0
4.067031336,1
4.068029534,0
4.069031536,1
4.070031526,0
4.071031568,1
4.072031538,0
4.073031456,1
4.074031512,0
4.075031530,1
4.076031564,0
4.077031084,1
4.078031994,0
4.079032598,1
4.080031776,0
4.081031590,1
4.082032060,0
4.083032394,1
4.084031616,0
4.085031198,1
4.086032044,0
4.087031626,1
4.088031620,0
4.089031640,1
4.090033236,0
4.091031756,1
4.092032374,0
4.093031852,1
4.094031760,0
4.095031678,1
4.096030836,0
4.097031982,1
4.098032120,0
4.099033806,1
4.100031300,0
4.101032112,1
4.102031666,0
4.103033916,1
4.104031680,0
4.105031676,1
4.106031730,0
4.107032358,1
4.108030620,0
4.109034264,1
4.110032132,0
4.111032570,1
4.112031312,0
4.113031748,1
4.114032178,0
4.115032408,1
4.116030670,0
4.117032254,1
4.118032328,0
4.119035558,1
4.120031800,0
4.121031798,1
4.122032228,0
4.123030916,1
4.124031824,0
4.125032220,1
4.126032254,0
4.127031858,1
4.128032390,0
4.129032350,1
4.130032426,0
4.131027280,1
4.132032376,0
4.133031958,1
4.134031930,0
4.135031908,1
4.136031442,0
4.137031442,1
4.138031434,0
4.139031808,1
4.140031530,0
4.141031446,1
4.142032374,0
4.143032584,1
4.144032034,0
4.145032034,1
4.146031464,0
4.147031984,1
4.148032058,0
4.149031516,1
4.150031716,0
4.151032550,1
4.152031502,0
4.153032146,1
4.154032202,0
4.155034264,1
4.156032026,0
4.157029880,1
4.158030956,0
4.159034308,1
4.160032570,0
4.161030946,1
4.162032042,0
4.163032918,1
4.164031680,0
4.165035242,1
4.166032110,0
4.167032026,1
4.168032080,0
4.169032164,1
4.170032238,0
4.171032156,1
4.172028356,0
4.173032398,1
4.174032138,0
4.175032158,1
4.176032236,0
4.177032110,1
4.178032602,0
4.179034496,1
4.180032574,0
4.181032176,1
4.182030398,0
4.183033002,1
4.184032660,0
4.185031806,1
4.186032214,0
4.187035172,1
4.188032602,0
4.189032414,1
4.190032302,0
4.191033052,1
4.192032230,0
4.193031148,1
4.194032724,0
4.195031388,1
4.196030486,0
4.197032714,1
4.198032770,0
4.199031414,1
4.200032280,0
4.201032614,1
4.202032336,0
4.203034544,1
4.204032348,0
4.205032660,1
4.206032820,0
4.207032964,1
4.208032374,0
4.209032706,1
4.210032824,0
4.211031490,1
4.212032772,0
4.213032960,1
4.214031370,0
4.215034620,1
4.216032382,0
4.217030548,1
4.218032396,0
4.219033290,1
4.220032428,0
4.221032408,1
4.222032858,0
4.223033108,1
4.224032452,0
4.225032848,1
4.226032882,0
4.227033278,1
4.228032916,0
4.229031394,1
4.230032928,0
4.231034740,1
4.232032984,0
4.233032878,1
4.234032516,0
4.235032432,1
4.236032966,0
4.237032632,1
4.238033000,0
4.239033394,1
4.240033616,0
4.241032574,1
4.242032252,0
4.243031794,1
4.244032224,0
4.245032578,1
4.246042528,0
4.247034840,1
4.248035730,0
4.249032624,1
4.250031554,0
4.251033532,1
4.252032274,0
4.253032670,1
4.254032662,0
4.255033266,1
4.256033216,0
4.257032676,1
4.258032686,0
4.259034916,1
4.260033096,0
4.261033116,1
4.262032734,0
4.263031796,1
4.264033058,0
4.265032704,1
4.266033300,0
4.267030988,1
4.268033146,0
4.269032854,1
4.270033220,0
4.271032950,1
4.272033192,0
4.273036440,1
4.274032808,0
4.275033620,1
4.276032446,0
4.277033300,1
4.278033314,0
4.279035062,1
4.280033264,0
4.281033200,1
4.282032838,0
4.283033526,1
4.284033268,0
4.285032538,1
4.286028154,0
4.287035134,1
4.288033314,0
4.289033312,1
4.290033262,0
4.291031992,1
4.292028192,0
4.293031776,1
4.294033372,0
4.295032040,1
4.296030906,0
4.297032926,1
4.298031856,0
4.299035188,1
4.300033016,0
4.301033450,1
4.302033380,0
4.303035172,1
4.304033018,0
4.305034268,1
4.306033032,0
4.307028426,1
4.308033376,0
4.309033502,1
4.310033390,0
4.311033222,1
4.312033048,0
4.313033444,1
4.314033332,0
4.315033248,1
4.316033072,0
4.317032698,1
4.318033190,0
4.319033170,1
4.320033368,0
4.321033098,1
4.322033234,0
4.323033860,1
4.324032748,0
4.325033080,1
4.326033656,0
4.327033948,1
4.328028856,0
4.329033564,1
4.330033598,0
4.331032264,1
4.332033130,0
4.333033632,1
4.334035476,0
4.335033186,1
4.336032970,0
4.337036594,1
4.338033210,0
4.339033918,1
4.340033328,0
4.341033682,1
4.342033736,0
4.343032340,1
4.344033624,0
4.345032124,1
4.346032886,0
4.347034074,1
4.348032150,0
4.349033690,1
4.350033266,0
4.351034098,1
4.352033716,0
4.353033318,1
4.354033790,0
4.355035500,1
4.356033824,0
4.357033720,1
4.358033398,0
4.359033400,1
4.360033370,0
4.361033432,1
4.362035008,0
4.363033466,1
4.364033542,0
4.365033436,1
4.366033574,0
4.367034096,1
4.368035566,0
4.369033400,1
4.370033892,0
4.371035664,1
4.372033946,0
4.373033842,1
4.374033438,0
4.375034272,1
4.376033866,0
4.377033408,1
4.378033296,0
4.379034232,1
4.380033870,0
4.381033434,1
4.382033904,0
4.383034300,1
4.384033522,0
4.385033104,1
4.386033054,0
4.387033492,1
4.388034234,0
4.389033110,1
4.390033058,0
4.391033392,1
4.392033030,0
4.393033882,1
4.394033770,0
4.395034250,1
4.396033096,0
4.397034264,1
4.398033672,0
4.399033588,1
4.400033288,0
4.401033100,1
4.402028904,0
4.403033656,1
4.404033938,0
4.405033770,1
4.406034450,0
4.407033596,1
4.408033734,0
4.409033754,1
4.410034184,0
4.411035892,1
4.412033656,0
4.413034072,1
4.414034230,0
4.415035916,1
4.416034098,0
4.417030262,1
4.418033798,0
4.419035942,1
4.420033350,0
4.421033724,1
4.422034322,0
4.423034696,1
4.424033750,0
4.425034126,1
4.426036492,0
4.427034556,1
4.428033838,0
4.429033816,1
4.430034246,0
4.431034602,1
4.432033926,0
4.433033780,1
4.434032730,0
4.435033812,1
4.436033326,0
4.437033930,1
4.438034318,0
4.439034608,1
4.440034268,0
4.441032748,1
4.442034302,0
4.443032988,1
4.444034314,0
4.445032772,1
4.446033492,0
4.447034700,1
4.448032860,0
4.449033880,1
4.450033894,0
4.451034726,1
4.452033718,0
4.453033948,1
4.454032960,0
4.455034732,1
4.456034430,0
4.457034410,1
4.458034006,0
4.459036172,1
4.460034436,0
4.461034288,1
4.462034114,0
4.463034802,1
4.464032898,0
4.465034024,1
4.466034014,0
4.467034014,1
4.468034548,0
4.469034152,1
4.470034456,0
4.471034060,1
4.472034198,0
4.473034072,1
4.474034148,0
4.475034168,1
4.476034076,0
4.477034036,1
4.478034110,0
4.479036340,1
4.480034664,0
4.481034498,1
4.482033032,0
4.483034760,1
4.484034544,0
4.485033732,1
4.486034640,0
4.487036224,1
4.488037256,0
4.489034152,1
4.490034166,0
4.491034998,1
4.492032386,0
4.493033094,1
4.494034648,0
4.495033316,1
4.496033848,0
4.497033120,1
4.498034236,0
4.499036444,1
4.500033916,0
4.501034248,1
4.502034052,0
4.503036344,1
4.504034274,0
4.505034274,1
4.506034786,0
4.507036536,1
4.508034340,0
4.509034716,1
4.510034748,0
4.511036790,1
4.512034324,0
4.513034678,1
4.514033254,0
4.515036586,1
4.516034370,0
4.517034036,1
4.518034362,0
4.519036612,1
4.520034770,0
4.521034352,1
4.522034824,0
4.523034990,1
4.524034504,0
4.525034796,1
4.526034828,0
4.527034516,1
4.528033320,0
4.529034382,1
4.530034852,0
4.531035270,1
4.532034388,0
4.533037532,1
4.534034546,0
4.535034420,1
4.536034098,0
4.537034454,1
4.538034528,0
4.539036738,1
4.540034582,0
4.541034874,1
4.542033450,0
4.543033616,1
4.544035004,0
4.545034900,1
4.546035078,0
4.547035328,1
4.548035008,0
4.549036590,1
4.550035000,0
4.551035396,1
4.552034596,0
4.553034554,1
4.554034588,0
4.555034524,1
4.556033578,0
4.557034224,1
4.558035176,0
4.559035446,1
4.560035042,0
4.561034646,1
4.562035116,0
4.563035450,1
4.564035170,0
4.565033546,1
4.566034704,0
4.567034664,1
4.568033612,0
4.569034654,1
4.570033708,0
4.571034916,1
4.572035096,0
4.573036116,1
4.574034712,0
4.575035546,1
4.576035184,0
4.577035142,1
4.578032822,0
4.579034778,1
4.580032730,0
4.581034812,1
4.582034762,0
4.583034886,1
4.584035422,0
4.585034338,1
4.586035184,0
4.587034994,1
4.588035092,0
4.589036864,1
4.590034938,0
4.591034916,1
4.592035054,0
4.593035160,1
4.594035152,0
4.595034984,1
4.596034372,0
4.597035830,1
4.598035092,0
4.599033988,1
4.600034876,0
4.601034856,1
4.602034930,0
4.603035950,1
4.604036942,0
4.605034900,1
4.606034934,0
4.607034830,1
4.608035010,0
4.609034946,1
4.610035188,0
4.611035022,1
4.612034596,0
4.613034992,1
4.614035068,0
4.615035110,1
4.616035080,0
4.617034538,1
4.618035094,0
4.619035134,1
4.620035022,0
4.621035084,1
4.622035116,0
4.623035118,1
4.624035130,0
4.625035088,1
4.626035060,0
4.627035100,1
4.628034572,0
4.629036926,1
4.630035314,0
4.631035106,1
4.632036140,0
4.633035200,1
4.634035276,0
4.635034984,1
4.636035102,0
4.637035184,1
4.638035260,0
4.639035300,1
4.640035190,0
4.641035170,1
4.642035284,0
4.643035618,1
4.644035214,0
4.645035276,1
4.646033290,0
4.647035332,1
4.648036760,0
4.649035302,1
4.650035398,0
4.651035252,1
4.652035264,0
4.653035368,1
4.654035360,0
4.655035276,1
4.656035374,0
4.657035540,1
4.658035406,0
4.659036072,1
4.660037418,0
4.661035294,1
4.662035472,0
4.663036118,1
4.664034236,0
4.665035276,1
4.666035330,0
4.667035248,1
4.668035718,0
4.669035322,1
4.670035356,0
4.671037710,1
4.672035744,0
4.673034242,1
4.674037902,0
4.675037570,1
4.676035810,0
4.677033748,1
4.678035950,0
4.679037678,1
4.680035792,0
4.681035378,1
4.682035868,0
4.683036222,1
4.684035444,0
4.685035070,1
4.686035102,0
4.687035332,1
4.688035032,0
4.689035094,1
4.690034940,0
4.691035418,1
4.692035870,0
4.693035868,1
4.694035652,0
4.695035590,1
4.696034998,0
4.697035998,1
4.698036074,0
4.699035532,1
4.700035190,0
4.701035274,1
4.702035204,0
4.703037786,1
4.704036006,0
4.705035568,1
4.706034790,0
4.707037810,1
4.708036012,0
4.709038322,1
4.710036086,0
4.711034710,1
4.712035598,0
4.713035972,1
4.714036214,0
4.715034736,1
4.716035624,0
4.717030936,1
4.718037824,0
4.719036344,1
4.720035732,0
4.721036044,1
4.722036140,0
4.723036348,1
4.724035360,0
4.725034652,1
4.726035874,0
4.727036538,1
4.728036136,0
4.729035698,1
4.730036190,0
4.731036564,1
4.732037724,0
4.733036098,1
4.734036174,0
4.735035838,1
4.736034790,0
4.737035788,1
4.738035782,0
4.739036552,1
4.740036212,0
4.741036128,1
4.742035788,0
4.743036600,1
4.744034716,0
4.745035820,1
4.746031124,0
4.747036020,1
4.748035844,0
4.749036260,1
4.750035878,0
4.751038106,1
4.752035890,0
4.753036204,1
4.754037882,0
4.755038132,1
4.756035478,0
4.757036290,1
4.758034928,0
4.759038136,1
4.760036378,0
4.761036336,1
4.762036370,0
4.763038140,1
4.764036342,0
4.765034840,1
4.766035936,0
4.767035916,1
4.768036386,0
4.769036616,1
4.770036024,0
4.771035106,1
4.772035724,0
4.773036370,1
4.774038028,0
4.775036798,1
4.776036416,0
4.777036394,1
4.778036158,0
4.779036032,1
4.780036128,0
4.781031504,1
4.782035974,0
4.783036162,1
4.784036112,0
4.785035590,1
4.786035604,0
4.787036166,1
4.788036220,0
4.789036074,1
4.790036338,0
4.791036148,1
4.792035600,0
4.793036350,1
4.794037800,0
4.795036154,1
4.796042854,0
4.797036166,1
4.798036158,0
4.799038408,1
4.800036150,0
4.801036192,1
4.802035828,0
4.803038452,1
4.804035778,0
4.805036194,1
4.806036688,0
4.807036874,1
4.808036660,0
4.809036636,1
4.810036630,0
4.811037068,1
4.812036726,0
4.813036580,1
4.814036884,0
4.815037258,1
4.816036688,0
4.817035896,1
4.818036742,0
4.819038596,1
4.820036712,0
4.821036296,1
4.822036058,0
4.823037078,1
4.824036736,0
4.825035238,1
4.826036334,0
4.827037104,1
4.828036140,0
4.829036366,1
4.830037900,0
4.831037254,1
4.832037058,0
4.833036370,1
4.834036426,0
4.835036216,1
4.836036668,0
4.837036438,1
4.838036450,0
4.839036534,1
4.840036568,0
4.841036754,1
4.842038142,0
4.843036892,1
4.844038198,0
4.845036530,1
4.846046126,0
4.847036562,1
4.848036512,0
4.849037888,1
4.850036588,0
4.851036630,1
4.852036226,0
4.853036622,1
4.854036614,0
4.855036716,1
4.856036542,0
4.857036980,1
4.858036576,0
4.859038762,1
4.860036942,0
4.861035462,1
4.862037018,0
4.863037372,1
4.864037112,0
4.865035488,1
4.866036606,0
4.867036564,1
4.868035492,0
4.869036596,1
4.870039192,0
4.871038838,1
4.872037058,0
4.873037058,1
4.874037092,0
4.875037508,1
4.876037126,0
4.877037104,1
4.878037014,0
4.879036700,1
4.880036734,0
4.881036858,1
4.882036724,0
4.883036850,1
4.884035258,0
4.885036196,1
4.886037022,0
4.887037584,1
4.888036742,0
4.889039452,1
4.890036756,0
4.891037588,1
4.892035664,0
4.893037184,1
4.894037196,0
4.895037654,1
4.896036376,0
4.897036772,1
4.898036846,0
4.899037722,1
4.900034942,0
4.901037254,1
4.902036892,0
4.903037456,1
4.904036864,0
4.905037216,1
4.906036876,0
4.907037668,1
4.908037264,0
4.909036868,1
4.910037340,0
4.911037776,1
4.912036976,0
4.913037288,1
4.914035802,0
4.915037802,1
4.916036918,0
4.917034708,1
4.918037014,0
4.919039180,1
4.920037026,0
4.921038152,1
4.922037394,0
4.923037810,1
4.924037010,0
4.925037364,1
4.926037418,0
4.927039232,1
4.928037284,0
4.929037410,1
4.930037464,0
4.931037922,1
4.932036102,0
4.933037040,1
4.934037052,0
4.935037072,1
4.936037460,0
4.937037064,1
4.938037534,0
4.939037764,1
4.940037630,0
4.941037484,1
4.942037518,0
4.943037914,1
4.944037198,0
4.945037176,1
4.946036772,0
4.947037982,1
4.948037556,0
4.949037472,1
4.950036152,0
4.951039360,1
4.952037186,0
4.953039414,1
4.954037552,0
4.955039366,1
4.956037168,0
4.957037606,1
4.958036120,0
4.959039452,1
4.960037714,0
4.961037610,1
4.962036770,0
4.963039478,1
4.964037656,0
4.965037656,1
4.966037274,0
4.967037128,1
4.968037766,0
4.969037266,1
4.970037694,0
4.971037506,1
4.972037728,0
4.973036186,1
4.974037282,0
4.975039490,1
4.976037710,0
4.977037752,1
4.978037306,0
4.979036516,1
4.980036278,0
4.981037860,1
4.982038040,0
4.983038186,1
4.984037344,0
4.985037136,1
4.986036920,0
4.987037316,1
4.988036828,0
4.989037014,1
4.990036902,0
4.991037486,1
4.992036894,0
4.993037728,1
4.994037448,0
4.995038282,1
4.996037482,0
4.997036316,1
4.998037496,0
4.999037494,1
5.000037132,0
5.001039320,1
5.002037312,0
5.003037520,1
5.004037388,0
5.005037970,1
5.006038170,0
5.007038378,1
5.008038246,0
5.009037974,1
5.010037986,0
5.011038508,1
5.012038042,0
5.013036874,1
5.014038220,0
5.015038428,1
5.016038254,0
5.017038004,1
5.018038266,0
5.019038454,1
5.020038236,0
5.021038238,1
5.022037292,0
5.023037500,1
5.024038262,0
5.025038200,1
5.026038274,0
5.027038504,1
5.028038350,0
5.029038100,1
5.030038320,0
5.031038550,1
5.032038290,0
5.033038312,1
5.034038324,0
5.035037722,1
5.036038170,0
5.037038296,1
5.038038370,0
5.039038538,1
5.040040196,0
5.041038152,1
5.042037438,0
5.043038604,1
5.044038200,0
5.045038324,1
5.046037504,0
5.047038670,1
5.048038434,0
5.049038372,1
5.050038446,0
5.051038674,1
5.052038480,0
5.053038228,1
5.053351968,1
